date,meantemp,humidity,wind_speed,meanpressure
2013-01-01,10.0,84.5,0.0,1015.6666666666666
2013-01-02,7.4,92.0,2.98,1017.8
2013-01-03,7.166666666666667,87.0,4.633333333333334,1018.6666666666666
2013-01-04,8.666666666666666,71.33333333333333,1.2333333333333334,1017.1666666666666
2013-01-05,6.0,86.83333333333333,3.7,1016.5
2013-01-06,7.0,82.8,1.48,1018.0
2013-01-07,7.0,78.6,6.3,1020.0
2013-01-08,8.857142857142858,63.71428571428572,7.142857142857143,1018.7142857142856
2013-01-09,14.0,51.25,12.5,1017.0
2013-01-10,11.0,62.0,7.399999999999999,1015.6666666666666
2013-01-11,15.714285714285714,51.285714285714285,10.571428571428571,1016.1428571428572
2013-01-12,14.0,74.0,13.228571428571428,1015.5714285714286
2013-01-13,15.833333333333334,75.16666666666667,4.633333333333334,1013.3333333333334
2013-01-14,12.833333333333334,88.16666666666667,0.6166666666666667,1015.1666666666666
2013-01-15,14.714285714285714,71.85714285714286,0.5285714285714286,1015.8571428571428
2013-01-16,13.833333333333334,86.66666666666667,0.0,1016.6666666666666
2013-01-17,16.5,80.83333333333333,5.250000000000001,1015.8333333333334
2013-01-18,13.833333333333334,92.16666666666669,8.950000000000001,1014.5
2013-01-19,12.5,76.66666666666667,5.883333333333333,1021.6666666666666
2013-01-20,11.285714285714286,75.28571428571429,8.471428571428572,1020.2857142857144
2013-01-21,11.2,77.0,2.22,1021.0
2013-01-22,9.5,79.66666666666667,3.083333333333333,1021.8
2013-01-23,14.0,60.16666666666666,4.016666666666667,1020.5
2013-01-24,13.833333333333334,60.66666666666666,6.166666666666667,1020.5
2013-01-25,12.25,67.0,5.55,1020.75
2013-01-26,12.666666666666666,64.16666666666667,6.800000000000001,1019.6666666666666
2013-01-27,12.857142857142858,65.57142857142857,5.557142857142857,1018.1428571428572
2013-01-28,14.833333333333334,56.0,3.7,1017.8333333333334
2013-01-29,14.125,65.5,3.2375,1016.625
2013-01-30,14.714285714285714,70.42857142857143,1.0571428571428572,1017.8571428571428
2013-01-31,16.2,65.6,2.96,1018.4
2013-02-01,16.0,73.0,2.22,1016.0
2013-02-02,16.285714285714285,77.57142857142857,1.3285714285714287,1017.1428571428572
2013-02-03,18.0,65.57142857142857,1.8571428571428568,1015.2857142857144
2013-02-04,17.428571428571427,74.28571428571429,11.114285714285714,1014.5714285714286
2013-02-05,16.625,92.375,9.725,1016.375
2013-02-06,16.666666666666668,71.33333333333333,8.633333333333333,1018.6666666666666
2013-02-07,15.6,59.4,10.74,1018.6
2013-02-08,14.0,70.42857142857143,9.257142857142856,1017.1428571428572
2013-02-09,15.428571428571429,61.285714285714285,9.257142857142856,1016.8571428571428
2013-02-10,15.25,71.5,3.475,1017.125
2013-02-11,15.875,70.5,5.325,1016.5
2013-02-12,15.333333333333334,70.33333333333333,7.416666666666667,1017.5
2013-02-13,16.285714285714285,70.14285714285714,6.085714285714287,1016.0
2013-02-14,17.333333333333332,63.833333333333336,4.333333333333333,1014.1666666666666
2013-02-15,19.166666666666668,65.33333333333333,10.183333333333335,1011.6666666666666
2013-02-16,14.428571428571429,92.71428571428572,8.485714285714286,1008.0
2013-02-17,13.666666666666666,90.0,0.0,1012.6666666666666
2013-02-18,15.6,78.4,12.220000000000002,1016.2
2013-02-19,15.857142857142858,82.0,5.814285714285715,1015.7142857142856
2013-02-20,17.714285714285715,74.71428571428571,5.814285714285715,1017.0
2013-02-21,20.0,67.28571428571429,6.614285714285714,1015.4285714285714
2013-02-22,20.5,65.625,10.875000000000002,1016.0
2013-02-23,17.428571428571427,74.85714285714286,9.257142857142856,1017.0
2013-02-24,16.857142857142858,78.85714285714286,7.400000000000001,1018.8571428571428
2013-02-25,16.875,72.875,4.6375,1018.25
2013-02-26,17.857142857142858,70.0,17.587500000000002,1015.1428571428572
2013-02-27,20.8,57.2,6.660000000000001,1015.2
2013-02-28,19.428571428571427,52.85714285714285,12.957142857142856,1017.4285714285714
2013-03-01,17.333333333333332,49.333333333333336,24.066666666666663,1016.3333333333334
2013-03-02,19.0,54.0,15.725,1016.25
2013-03-03,19.33333333333333,62.833333333333336,8.633333333333333,1016.1666666666666
2013-03-04,17.6,71.0,5.5600000000000005,1015.8
2013-03-05,20.875,61.875,4.1625000000000005,1016.375
2013-03-06,20.857142857142858,65.28571428571429,6.871428571428573,1015.7142857142856
2013-03-07,23.428571428571427,57.142857142857146,8.728571428571428,1015.2857142857144
2013-03-08,24.166666666666668,44.833333333333336,7.1000000000000005,1014.8333333333334
2013-03-09,25.428571428571427,49.71428571428572,5.285714285714286,1009.2857142857144
2013-03-10,23.142857142857142,57.57142857142857,4.228571428571429,1008.0
2013-03-11,24.0,66.33333333333333,0.9333333333333332,1011.1666666666666
2013-03-12,23.5,62.5,4.933333333333334,1011.5
2013-03-13,21.5,70.5,5.55,1009.0
2013-03-14,22.33333333333333,61.16666666666666,12.033333333333331,1013.1666666666666
2013-03-15,24.166666666666668,45.833333333333336,7.716666666666668,1016.1666666666666
2013-03-16,20.33333333333333,67.66666666666667,3.7,1016.1666666666666
2013-03-17,22.666666666666668,58.66666666666666,8.95,1015.0
2013-03-18,23.428571428571427,58.142857142857146,17.457142857142856,1009.4285714285714
2013-03-19,22.5,73.66666666666667,10.483333333333333,1011.0
2013-03-20,29.166666666666668,36.333333333333336,6.800000000000001,1009.5
2013-03-21,23.83333333333333,58.5,10.5,1008.3333333333334
2013-03-22,25.25,50.25,9.7125,1006.375
2013-03-23,27.375,50.125,9.95,1007.625
2013-03-24,27.0,48.75,10.8875,1010.25
2013-03-25,23.5,45.5,15.9625,1010.625
2013-03-26,24.142857142857142,44.57142857142857,12.957142857142856,1008.8571428571428
2013-03-27,21.0,62.0,1.85,1009.0
2013-03-28,22.428571428571427,62.71428571428572,7.4142857142857155,1009.5714285714286
2013-03-29,21.25,70.375,5.550000000000001,1009.75
2013-03-30,23.5,54.75,11.1125,1008.625
2013-03-31,23.2,58.0,6.660000000000001,1008.6
2013-04-01,25.375,45.5,4.4,1008.5
2013-04-02,25.166666666666668,51.0,8.65,1009.5
2013-04-03,26.2,45.6,8.14,1009.0
2013-04-04,24.6,41.8,11.12,1007.8
2013-04-05,25.6,31.0,15.56,1007.0
2013-04-06,25.857142857142858,29.857142857142858,11.900000000000002,1006.1428571428572
2013-04-07,29.142857142857142,23.285714285714285,10.314285714285717,1005.0
2013-04-08,28.714285714285715,33.857142857142854,5.3,1006.0
2013-04-09,30.166666666666668,30.5,8.65,1005.3333333333334
2013-04-10,30.0,28.0,6.1,1006.7142857142856
2013-04-11,30.0,24.2,7.780000000000001,1006.4
2013-04-12,28.857142857142858,32.57142857142857,6.342857142857143,1007.5714285714286
2013-04-13,30.2,29.2,10.000000000000002,1008.4
2013-04-14,28.25,39.375,6.487499999999999,1007.0
2013-04-15,28.25,41.375,6.25,1003.875
2013-04-16,32.125,24.625,10.425,1000.0
2013-04-17,29.2,24.2,6.659999999999999,1002.2
2013-04-18,30.285714285714285,30.285714285714285,4.757142857142858,1002.8571428571428
2013-04-19,28.285714285714285,31.285714285714285,3.971428571428571,1002.5714285714286
2013-04-20,30.625,29.0,7.6375,1003.375
2013-04-21,27.666666666666668,38.66666666666666,13.883333333333333,1006.8333333333334
2013-04-22,27.375,45.375,7.650000000000001,1010.0
2013-04-23,28.625,44.125,4.625000000000001,1009.875
2013-04-24,30.285714285714285,41.71428571428572,2.1142857142857143,1008.5714285714286
2013-04-25,31.142857142857142,38.285714285714285,3.7,1007.7142857142856
2013-04-26,29.875,45.875,6.7125,1008.375
2013-04-27,31.142857142857142,31.428571428571427,13.485714285714286,1007.0
2013-04-28,30.571428571428573,28.0,12.971428571428572,1005.4285714285714
2013-04-29,32.125,26.375,7.875,1004.875
2013-04-30,31.142857142857142,32.0,7.928571428571429,1004.8571428571428
2013-05-01,31.857142857142858,15.857142857142858,12.685714285714289,1002.8333333333334
2013-05-02,29.83333333333333,22.166666666666668,11.433333333333335,1001.2
2013-05-03,28.571428571428573,31.571428571428573,9.0,999.4285714285714
2013-05-04,32.857142857142854,31.428571428571427,2.914285714285714,999.0
2013-05-05,32.625,31.125,3.0125,1000.625
2013-05-06,32.75,39.25,3.7,1001.625
2013-05-07,32.875,33.25,7.175000000000001,1002.0
2013-05-08,34.5,23.0,9.25,1001.1666666666666
2013-05-09,34.285714285714285,26.0,8.985714285714284,1000.8571428571428
2013-05-10,34.0,27.714285714285715,9.528571428571428,1000.1428571428572
2013-05-11,30.75,30.375,14.8125,999.875
2013-05-12,29.857142857142858,40.142857142857146,5.828571428571428,1003.7142857142856
2013-05-13,31.714285714285715,34.0,3.971428571428572,1003.5714285714286
2013-05-14,32.285714285714285,34.285714285714285,4.771428571428571,1001.5714285714286
2013-05-15,33.0,33.0,3.2375000000000003,999.8571428571428
2013-05-16,33.0,34.75,7.175000000000001,998.5
2013-05-17,32.833333333333336,28.166666666666668,9.866666666666667,1000.3333333333334
2013-05-18,31.4,42.2,12.966666666666669,999.0
2013-05-19,35.333333333333336,22.33333333333333,15.749999999999998,999.6666666666666
2013-05-20,36.4,24.2,7.4,998.4
2013-05-21,36.0,19.0,11.371428571428572,998.6666666666666
2013-05-22,36.75,22.125,17.5875,998.625
2013-05-23,37.5,23.33333333333333,13.566666666666668,997.1666666666666
2013-05-24,38.42857142857143,27.428571428571427,11.385714285714286,996.4285714285714
2013-05-25,38.71428571428572,22.428571428571427,10.314285714285717,998.1428571428572
2013-05-26,37.8,21.2,10.74,998.2
2013-05-27,35.857142857142854,31.571428571428573,8.72857142857143,999.1428571428572
2013-05-28,35.333333333333336,29.0,8.333333333333334,1000.1666666666666
2013-05-29,34.142857142857146,27.857142857142858,5.557142857142858,999.4285714285714
2013-05-30,32.2,28.2,5.5600000000000005,999.6
2013-05-31,33.625,40.125,10.6375,998.7142857142856
2013-06-01,32.0,54.0,13.4375,998.75
2013-06-02,32.4,56.6,14.2,1001.0
2013-06-03,35.6,47.0,12.239999999999998,999.6
2013-06-04,35.857142857142854,42.57142857142857,5.028571428571429,999.8571428571428
2013-06-05,37.16666666666666,36.5,9.866666666666664,998.0
2013-06-06,31.285714285714285,61.71428571428572,10.042857142857144,997.2857142857144
2013-06-07,34.0,49.25,7.412500000000001,998.0
2013-06-08,34.2,57.4,13.34,997.0
2013-06-09,36.16666666666666,40.0,11.416666666666666,995.1666666666666
2013-06-10,36.625,42.75,8.100000000000001,995.125
2013-06-11,30.166666666666668,61.66666666666666,16.349999999999998,1000.0
2013-06-12,34.142857142857146,54.142857142857146,7.4142857142857155,998.0
2013-06-13,29.83333333333333,68.66666666666667,9.866666666666664,998.6666666666666
2013-06-14,30.142857142857142,68.14285714285714,7.942857142857142,997.4285714285714
2013-06-15,30.714285714285715,65.0,13.22857142857143,997.8571428571428
2013-06-16,27.0,88.85714285714286,8.485714285714286,996.4285714285714
2013-06-17,26.875,87.375,8.3375,994.75
2013-06-18,28.4,83.6,5.18,996.4
2013-06-19,29.857142857142858,72.85714285714286,4.228571428571429,999.0
2013-06-20,33.0,52.71428571428572,4.771428571428571,997.1666666666666
2013-06-21,34.833333333333336,47.333333333333336,5.866666666666667,995.3333333333334
2013-06-22,35.6,39.4,10.74,996.2
2013-06-23,35.166666666666664,53.0,8.350000000000001,995.6666666666666
2013-06-24,33.142857142857146,55.0,13.22857142857143,996.2857142857144
2013-06-25,30.571428571428573,70.42857142857143,11.114285714285716,999.1666666666666
2013-06-26,30.666666666666668,71.5,6.483333333333333,999.0
2013-06-27,31.428571428571427,61.85714285714285,7.957142857142856,996.7142857142856
2013-06-28,31.5,64.25,8.8125,996.0
2013-06-29,33.25,57.0,13.875,995.25
2013-06-30,32.833333333333336,52.16666666666666,10.5,997.1666666666666
2013-07-01,33.857142857142854,54.0,8.728571428571428,996.4285714285714
2013-07-02,33.142857142857146,58.285714285714285,9.8,996.0
2013-07-03,31.571428571428573,70.0,6.357142857142857,997.5714285714286
2013-07-04,32.375,67.5,9.25,997.0
2013-07-05,32.8,62.2,12.96,997.8
2013-07-06,31.0,73.14285714285714,11.37142857142857,1000.5714285714286
2013-07-07,31.166666666666668,77.33333333333333,7.1000000000000005,1000.1666666666666
2013-07-08,29.83333333333333,75.16666666666667,6.483333333333334,997.5
2013-07-09,29.0,78.83333333333333,8.016666666666667,996.8333333333334
2013-07-10,29.75,75.375,6.4875,995.75
2013-07-11,32.5,65.5,7.116666666666667,997.3333333333334
2013-07-12,28.875,86.625,5.562500000000001,1000.0
2013-07-13,31.75,70.25,12.0625,998.875
2013-07-14,30.75,71.625,4.8125,997.375
2013-07-15,31.75,73.25,13.5375,998.375
2013-07-16,29.875,83.875,9.0,999.0
2013-07-17,31.125,78.375,8.65,998.0
2013-07-18,31.75,76.0,5.550000000000001,995.0
2013-07-19,30.5,73.5,9.266666666666666,995.3333333333334
2013-07-20,26.83333333333333,90.66666666666669,4.933333333333333,999.1666666666666
2013-07-21,28.2,88.0,2.24,996.4
2013-07-22,29.5,80.33333333333333,4.333333333333333,996.8333333333334
2013-07-23,31.857142857142858,70.71428571428571,3.971428571428572,998.0
2013-07-24,29.714285714285715,84.14285714285714,3.971428571428571,997.1428571428572
2013-07-25,28.33333333333333,84.5,8.016666666666667,995.1666666666666
2013-07-26,30.0,73.85714285714286,5.571428571428572,995.4285714285714
2013-07-27,30.142857142857142,79.0,4.228571428571429,997.2857142857144
2013-07-28,32.285714285714285,67.42857142857143,6.085714285714286,998.1428571428572
2013-07-29,31.0,77.42857142857143,4.771428571428571,997.1428571428572
2013-07-30,30.5,75.66666666666667,8.016666666666667,996.5
2013-07-31,28.83333333333333,78.5,9.866666666666664,996.6666666666666
2013-08-01,30.0,73.5,5.550000000000001,998.0
2013-08-02,31.571428571428573,66.42857142857143,11.114285714285716,999.4285714285714
2013-08-03,32.5,62.333333333333336,10.816666666666665,1000.8333333333334
2013-08-04,32.5,62.5,5.1,993.25
2013-08-05,29.5,77.0,6.783333333333334,1001.0
2013-08-06,27.166666666666668,90.66666666666669,4.016666666666667,1002.1666666666666
2013-08-07,28.375,85.25,3.25,1001.875
2013-08-08,28.5,84.0,6.166666666666667,1000.5
2013-08-09,27.166666666666668,87.5,3.716666666666667,1001.0
2013-08-10,29.428571428571427,79.85714285714286,6.1000000000000005,1000.3333333333334
2013-08-11,30.0,76.83333333333333,6.800000000000001,1001.1666666666666
2013-08-12,29.5,81.5,8.350000000000001,1001.0
2013-08-13,30.75,72.0,11.125,999.25
2013-08-14,29.666666666666668,74.33333333333333,9.866666666666667,999.8333333333334
2013-08-15,27.714285714285715,85.0,8.2,1001.7142857142856
2013-08-16,26.6,92.0,4.46,1000.8
2013-08-17,27.428571428571427,91.0,14.285714285714286,999.4285714285714
2013-08-18,28.33333333333333,83.83333333333333,1.2333333333333334,1000.1666666666666
2013-08-19,28.166666666666668,84.66666666666667,5.550000000000001,1000.5
2013-08-20,27.375,88.5,5.325,999.0
2013-08-21,28.33333333333333,81.16666666666667,10.314285714285717,999.2857142857144
2013-08-22,29.166666666666668,74.83333333333333,6.483333333333334,1001.1666666666666
2013-08-23,31.285714285714285,73.14285714285714,2.642857142857143,1001.4285714285714
2013-08-24,32.0,71.25,18.525,1000.3333333333334
2013-08-25,29.0,90.75,0.925,998.75
2013-08-26,32.0,69.875,6.475,997.8571428571428
2013-08-27,32.142857142857146,57.285714285714285,17.071428571428573,999.8571428571428
2013-08-28,30.142857142857142,60.71428571428572,11.642857142857142,1003.7142857142856
2013-08-29,31.5,57.0,9.275,1003.25
2013-08-30,29.166666666666668,73.0,3.1,1003.5
2013-08-31,29.0,71.75,4.65,1003.25
2013-09-01,30.0,65.2,11.48,1003.2
2013-09-02,31.857142857142858,50.85714285714285,15.342857142857142,1003.7142857142856
2013-09-03,32.75,45.5,14.8,1001.5
2013-09-04,31.714285714285715,48.0,14.54285714285714,1002.1666666666666
2013-09-05,31.666666666666668,46.0,13.566666666666668,1001.5
2013-09-06,30.571428571428573,55.71428571428572,10.042857142857144,1003.4285714285714
2013-09-07,30.83333333333333,51.833333333333336,6.783333333333334,1004.1666666666666
2013-09-08,28.0,71.75,2.325,1007.25
2013-09-09,31.0,57.5,42.22,1007.0
2013-09-10,29.666666666666668,66.33333333333333,3.7,1005.3333333333334
2013-09-11,30.857142857142858,61.142857142857146,3.971428571428571,1005.5714285714286
2013-09-12,31.166666666666668,60.333333333333336,2.7833333333333337,1008.1666666666666
2013-09-13,31.142857142857142,67.14285714285714,3.171428571428572,1007.1428571428572
2013-09-14,30.5,67.0,2.7833333333333337,1003.8333333333334
2013-09-15,31.625,56.375,3.9375,1001.375
2013-09-16,29.666666666666668,60.0,7.100000000000001,1002.3333333333334
2013-09-17,29.25,56.5,3.475,1002.875
2013-09-18,29.142857142857142,58.57142857142857,5.557142857142858,1003.1428571428572
2013-09-19,29.8,61.6,2.96,1001.8
2013-09-20,28.666666666666668,70.0,9.583333333333334,1003.0
2013-09-21,25.2,89.0,5.18,1003.0
2013-09-22,28.33333333333333,79.66666666666667,3.083333333333333,1001.6666666666666
2013-09-23,30.285714285714285,68.0,4.5,1001.0
2013-09-24,30.75,65.75,5.7875000000000005,1002.75
2013-09-25,28.571428571428573,75.0,6.614285714285715,1005.4285714285714
2013-09-26,28.2,78.8,4.08,1006.6
2013-09-27,29.0,71.25,7.4125,1005.625
2013-09-28,30.0,67.33333333333333,1.2333333333333334,1005.3333333333334
2013-09-29,28.142857142857142,79.85714285714286,5.557142857142858,1003.8571428571428
2013-09-30,26.857142857142858,84.57142857142857,4.228571428571429,1004.7142857142856
2013-10-01,28.285714285714285,68.71428571428571,6.371428571428571,1007.7142857142856
2013-10-02,29.2,61.4,7.42,1010.0
2013-10-03,28.6,59.0,7.4,1008.6
2013-10-04,24.83333333333333,84.33333333333333,6.783333333333334,1007.5
2013-10-05,28.5,69.0,2.0875,1004.125
2013-10-06,29.75,66.5,1.85,1005.25
2013-10-07,29.714285714285715,66.57142857142857,1.585714285714286,1008.8571428571428
2013-10-08,29.2,69.4,0.0,1009.8
2013-10-09,30.83333333333333,65.5,5.566666666666667,1010.3333333333334
2013-10-10,29.428571428571427,66.28571428571429,3.971428571428572,1010.8571428571428
2013-10-11,23.857142857142858,89.85714285714286,4.242857142857143,1010.5714285714286
2013-10-12,26.142857142857142,82.57142857142857,2.914285714285714,1008.2857142857144
2013-10-13,27.166666666666668,84.33333333333333,0.6166666666666667,1007.6666666666666
2013-10-14,27.714285714285715,74.85714285714286,5.557142857142858,1007.0
2013-10-15,25.857142857142858,76.42857142857143,3.7,1009.1428571428572
2013-10-16,26.428571428571427,75.0,0.0,1009.0
2013-10-17,26.857142857142858,76.71428571428571,1.0571428571428572,1010.4285714285714
2013-10-18,26.33333333333333,73.16666666666667,0.0,1010.5
2013-10-19,24.571428571428573,69.57142857142857,2.1142857142857143,1011.5714285714286
2013-10-20,24.33333333333333,67.83333333333333,1.55,1010.6666666666666
2013-10-21,24.875,63.625,1.3875000000000002,1009.875
2013-10-22,27.8,53.6,0.0,1011.0
2013-10-23,25.0,67.5,1.1625,1013.625
2013-10-24,23.857142857142858,73.14285714285714,1.0571428571428572,1013.2857142857144
2013-10-25,22.8,75.8,1.86,1011.0
2013-10-26,23.0,78.2,0.74,1011.2
2013-10-27,22.875,66.875,2.5500000000000003,1010.625
2013-10-28,22.666666666666668,63.16666666666666,4.933333333333334,1010.0
2013-10-29,23.0,62.71428571428572,3.971428571428571,1011.1428571428572
2013-10-30,22.857142857142858,67.42857142857143,2.385714285714286,1012.8571428571428
2013-10-31,23.666666666666668,58.833333333333336,3.083333333333333,1012.8333333333334
2013-11-01,23.428571428571427,69.14285714285714,1.0571428571428572,1013.2857142857144
2013-11-02,21.625,65.0,4.6375,1014.5
2013-11-03,20.625,57.875,5.5625,1016.0
2013-11-04,21.166666666666668,54.16666666666666,2.466666666666667,1017.5
2013-11-05,18.83333333333333,74.33333333333333,0.0,1017.5
2013-11-06,20.571428571428573,66.71428571428571,3.185714285714285,1015.8571428571428
2013-11-07,20.142857142857142,73.14285714285714,4.500000000000001,1015.6666666666666
2013-11-08,18.0,82.2,19.9125,1015.625
2013-11-09,19.857142857142858,73.57142857142857,0.5285714285714286,1016.7142857142856
2013-11-10,16.833333333333332,72.0,2.466666666666667,1016.0
2013-11-11,18.857142857142858,61.85714285714285,5.814285714285715,1013.4285714285714
2013-11-12,16.571428571428573,71.71428571428571,0.7999999999999999,1013.8571428571428
2013-11-13,17.75,65.0,3.0125,1014.25
2013-11-14,17.625,63.375,3.475,1015.25
2013-11-15,17.0,67.0,0.925,1016.5
2013-11-16,16.625,69.625,0.0,1018.0
2013-11-17,15.571428571428571,67.42857142857143,2.3857142857142857,1017.7142857142856
2013-11-18,18.5,55.125,7.412500000000001,1016.875
2013-11-19,17.875,63.5,7.175,1015.5
2013-11-20,18.25,58.875,2.55,1012.75
2013-11-21,17.875,66.25,2.0875,1013.125
2013-11-22,17.625,74.875,1.1625,1015.75
2013-11-23,18.142857142857142,77.85714285714286,0.7999999999999999,1014.5714285714286
2013-11-24,19.125,58.875,5.0875,1014.5
2013-11-25,21.25,49.875,9.5,1012.875
2013-11-26,21.25,51.375,9.75,1011.75
2013-11-27,19.125,68.5,2.7875,1014.75
2013-11-28,18.625,71.875,1.85,1017.75
2013-11-29,17.75,66.625,4.8625,1016.875
2013-11-30,17.875,69.625,11.8125,1015.875
2013-12-01,18.0,65.0,1.585714285714286,1016.1428571428572
2013-12-02,17.25,73.25,1.85,1015.875
2013-12-03,17.5,73.5,1.3875,1016.75
2013-12-04,17.142857142857142,71.85714285714286,4.228571428571429,1017.0
2013-12-05,17.142857142857142,69.0,6.885714285714286,1015.2857142857144
2013-12-06,16.125,72.375,3.7125,1014.0
2013-12-07,16.0,80.5,1.1625,1014.25
2013-12-08,16.5,83.625,0.0,1014.0
2013-12-09,16.125,79.25,2.3125,1013.5
2013-12-10,15.5,81.75,2.55,1013.75
2013-12-11,16.625,71.875,6.475000000000001,1014.125
2013-12-12,17.75,62.375,16.9,1012.5
2013-12-13,17.142857142857142,67.71428571428571,11.62857142857143,1012.0
2013-12-14,16.142857142857142,79.0,0.7999999999999999,1012.5714285714286
2013-12-15,15.5,86.25,2.55,1015.125
2013-12-16,15.25,89.5,1.1625,1015.625
2013-12-17,14.75,92.875,0.925,1014.25
2013-12-18,14.875,93.0,2.0875,1012.625
2013-12-19,16.125,89.125,3.25,1012.875
2013-12-20,15.375,91.375,4.4125000000000005,1016.0
2013-12-21,14.75,94.0,0.4625,1017.0
2013-12-22,15.25,94.0,1.3875000000000002,1018.375
2013-12-23,14.25,88.25,9.025,1020.5
2013-12-24,13.5,84.75,5.7875000000000005,1021.375
2013-12-25,13.666666666666666,63.16666666666666,34.4875,1020.625
2013-12-26,12.125,67.625,4.4,1019.25
2013-12-27,11.875,79.875,1.1625,1018.625
2013-12-28,10.875,70.0,5.325,1019.25
2013-12-29,10.571428571428571,69.42857142857143,5.325,1018.5
2013-12-30,12.375,79.5,6.4750000000000005,1018.125
2013-12-31,14.5,89.375,4.862500000000001,1020.5
2014-01-01,13.375,89.625,7.65,1021.0
2014-01-02,11.0,78.375,8.1,1020.25
2014-01-03,12.5,74.875,5.325,1017.75
2014-01-04,12.875,88.125,1.1625,1016.25
2014-01-05,12.375,89.0,0.4625,1014.5
2014-01-06,11.428571428571429,86.28571428571429,27.3375,1017.625
2014-01-07,12.142857142857142,72.28571428571429,20.6,1017.75
2014-01-08,11.875,76.875,1.85,1017.875
2014-01-09,12.833333333333334,83.0,1.2333333333333334,1017.0
2014-01-10,12.375,85.375,0.0,1016.625
2014-01-11,12.125,82.625,6.7250000000000005,1019.625
2014-01-12,12.875,80.875,3.2500000000000004,1020.75
2014-01-13,14.0,72.375,1.1625,1019.375
2014-01-14,14.875,76.75,2.7875,1017.0
2014-01-15,12.0,93.5,0.4625,1019.75
2014-01-16,12.285714285714286,90.57142857142856,1.585714285714286,1019.5714285714286
2014-01-17,12.0,95.75,1.1625,1017.625
2014-01-18,12.5,94.25,1.85,1020.25
2014-01-19,14.5,84.5,3.475,1023.0
2014-01-20,14.625,83.5,4.4125000000000005,1021.375
2014-01-21,13.571428571428571,96.85714285714286,7.171428571428572,1020.5714285714286
2014-01-22,15.25,96.125,6.7125,1019.875
2014-01-23,15.625,90.125,6.7125,1020.25
2014-01-24,13.875,88.875,8.1125,1019.25
2014-01-25,11.75,95.625,8.3375,1019.75
2014-01-26,14.375,85.75,8.8125,1019.125
2014-01-27,16.625,72.375,9.95,1018.75
2014-01-28,16.625,69.875,7.4125,1016.75
2014-01-29,14.875,81.875,4.625000000000001,1018.625
2014-01-30,14.5,83.25,0.925,1019.375
2014-01-31,14.75,82.5,3.0125,1019.25
2014-02-01,14.0,79.375,2.55,1019.75
2014-02-02,15.25,76.125,1.85,1016.875
2014-02-03,18.428571428571427,63.85714285714285,12.2875,1014.125
2014-02-04,18.857142857142858,65.42857142857143,13.425,1011.0
2014-02-05,17.0,72.75,1.625,1011.5
2014-02-06,18.5,65.375,6.012500000000001,1010.875
2014-02-07,19.625,67.25,15.05,1009.25
2014-02-08,13.625,85.375,8.1125,1011.375
2014-02-09,12.875,63.375,9.2625,1012.0
2014-02-10,12.625,61.75,3.7,1012.5
2014-02-11,13.375,64.625,3.7,1013.5
2014-02-12,13.25,67.0,9.2625,1013.5
2014-02-13,15.25,64.5,4.875,1013.625
2014-02-14,13.0,95.5,5.3375,1011.875
2014-02-15,12.375,89.5,3.9375,1012.875
2014-02-16,13.5,79.0,8.7875,1016.0
2014-02-17,15.125,66.125,12.725,1017.75
2014-02-18,15.25,60.125,8.799999999999999,1017.375
2014-02-19,15.125,75.375,1.85,1016.625
2014-02-20,16.125,78.625,1.8625,1014.75
2014-02-21,17.125,72.25,8.7875,1014.25
2014-02-22,16.625,85.625,6.250000000000001,1017.375
2014-02-23,16.5,80.0,7.887500000000001,1019.375
2014-02-24,16.375,69.375,5.3375,1018.625
2014-02-25,18.125,69.0,0.925,1017.25
2014-02-26,18.75,71.125,2.0875,1014.25
2014-02-27,18.625,76.625,7.175000000000001,1013.125
2014-02-28,15.625,88.375,5.799999999999999,1013.125
2014-03-01,16.142857142857142,87.28571428571429,4.242857142857143,1015.2857142857144
2014-03-02,16.125,79.0,5.7875000000000005,1017.125
2014-03-03,17.875,65.625,3.7,1016.25
2014-03-04,18.75,66.375,3.7125,1016.5
2014-03-05,18.875,67.0,5.325000000000001,1016.125
2014-03-06,18.375,64.0,4.6375,1016.375
2014-03-07,18.5,62.875,6.7125,1017.125
2014-03-08,19.875,63.875,9.9625,1017.0
2014-03-09,22.0,56.625,7.65,1014.5
2014-03-10,20.0,63.875,10.8875,1014.375
2014-03-11,20.714285714285715,70.0,15.6,1013.7142857142856
2014-03-12,20.0,68.875,6.4875,1016.25
2014-03-13,19.0,60.625,9.95,1016.25
2014-03-14,19.625,61.25,5.800000000000001,1015.0
2014-03-15,21.625,62.625,2.7875,1016.375
2014-03-16,23.125,58.5,6.25,1015.375
2014-03-17,26.25,52.125,6.7125,1011.25
2014-03-18,24.857142857142858,53.42857142857143,9.8,1012.8571428571428
2014-03-19,21.75,57.375,10.1875,1013.25
2014-03-20,21.5,55.0,7.4,1010.75
2014-03-21,22.5,64.75,5.3375,1007.125
2014-03-22,25.0,59.5,3.0125,1007.0
2014-03-23,22.75,61.875,9.025,1010.625
2014-03-24,22.375,73.125,9.4875,1011.625
2014-03-25,24.625,60.25,2.775,1010.5
2014-03-26,25.125,58.875,2.7750000000000004,1010.625
2014-03-27,23.5,63.25,4.8875,1011.75
2014-03-28,24.428571428571427,67.57142857142857,4.5,1011.1428571428572
2014-03-29,25.875,55.625,8.35,1011.25
2014-03-30,24.125,46.75,13.9,1009.875
2014-03-31,24.125,44.125,13.2,1008.25
2014-04-01,24.875,45.75,9.7125,1006.125
2014-04-02,26.75,43.375,7.175,1005.75
2014-04-03,25.0,48.0,10.425,1010.375
2014-04-04,25.857142857142858,47.85714285714285,11.914285714285716,1009.8571428571428
2014-04-05,27.375,44.0,9.2625,1008.875
2014-04-06,30.125,45.25,6.7125,1007.5
2014-04-07,27.25,47.625,12.9625,1009.625
2014-04-08,25.75,41.875,12.725,1010.375
2014-04-09,25.75,35.25,12.7375,1010.25
2014-04-10,26.375,29.25,12.500000000000002,1010.875
2014-04-11,28.142857142857142,29.0,10.05714285714286,1008.5714285714286
2014-04-12,29.125,39.875,5.1000000000000005,1007.125
2014-04-13,26.875,40.375,15.5125,1009.625
2014-04-14,27.625,46.625,5.3500000000000005,1010.625
2014-04-15,29.0,48.125,2.55,1009.125
2014-04-16,27.125,53.625,4.4,1008.25
2014-04-17,26.375,49.625,9.25,1007.0
2014-04-18,24.25,64.375,14.3375,1011.625
2014-04-19,25.625,57.875,5.1,1011.375
2014-04-20,27.0,48.0,4.6375,1010.5
2014-04-21,28.0,33.125,8.8125,1010.0
2014-04-22,29.375,29.375,12.5,1011.75
2014-04-23,29.125,37.0,6.025,1009.0
2014-04-24,29.375,35.875,7.875,1005.875
2014-04-25,30.625,34.375,8.1125,1006.125
2014-04-26,31.5,32.0,8.1125,1006.375
2014-04-27,30.625,30.0,8.350000000000001,1007.125
2014-04-28,31.5,27.875,10.1875,1005.625
2014-04-29,32.125,28.875,8.325,1003.875
2014-04-30,33.25,25.5,5.3375,1003.75
2014-05-01,34.875,22.5,9.7375,1001.5
2014-05-02,34.375,24.75,6.4875,1001.875
2014-05-03,31.75,33.375,6.475,1003.625
2014-05-04,31.875,34.375,5.8,1003.0
2014-05-05,29.75,53.25,9.0375,1005.75
2014-05-06,29.571428571428573,51.142857142857146,6.885714285714287,1006.8571428571428
2014-05-07,31.75,48.625,1.85,1004.25
2014-05-08,31.375,43.0,10.6625,1002.625
2014-05-09,30.5,39.625,6.487500000000001,1000.4285714285714
2014-05-10,30.0,37.625,7.8875,1000.75
2014-05-11,29.625,40.375,7.65,1004.0
2014-05-12,28.0,53.375,10.8875,1004.875
2014-05-13,25.25,65.75,9.9625,1008.375
2014-05-14,26.875,55.25,8.575000000000001,1006.5
2014-05-15,29.5,39.875,11.125,1004.25
2014-05-16,31.125,40.25,9.4875,1003.5
2014-05-17,29.875,47.625,7.175000000000001,1007.0
2014-05-18,31.5,35.375,13.9,1007.375
2014-05-19,32.375,29.5,11.575000000000005,1006.625
2014-05-20,31.125,34.0,7.6375,1006.625
2014-05-21,33.0,32.5,9.7125,1002.125
2014-05-22,33.25,33.375,11.1125,999.5
2014-05-23,34.625,32.75,19.450000000000003,1000.0
2014-05-24,31.5,50.5,6.725,1004.125
2014-05-25,31.5,43.25,16.4375,1005.5
2014-05-26,30.125,54.125,4.175,1007.125
2014-05-27,31.875,49.75,2.55,1004.75
2014-05-28,33.625,44.5,3.95,1001.25
2014-05-29,35.25,40.125,4.4,999.375
2014-05-30,33.125,44.5,11.5875,999.5714285714286
2014-05-31,34.625,39.0,6.4875,999.625
2014-06-01,32.75,34.25,16.2,1003.25
2014-06-02,32.75,41.375,4.6375,1003.25
2014-06-03,34.875,33.625,6.487500000000001,1000.0
2014-06-04,35.25,33.125,7.1875,998.125
2014-06-05,36.875,26.875,8.5625,996.125
2014-06-06,37.5,27.625,10.2,994.875
2014-06-07,38.5,22.75,13.1875,994.0
2014-06-08,37.625,26.25,6.7250000000000005,993.125
2014-06-09,37.875,32.125,6.025,993.125
2014-06-10,37.25,20.875,12.0375,994.75
2014-06-11,37.625,23.125,14.8125,995.625
2014-06-12,32.875,39.25,24.325,997.0
2014-06-13,30.25,55.125,16.6625,997.625
2014-06-14,30.5,66.875,6.487500000000001,997.375
2014-06-15,33.875,52.0,8.1,997.125
2014-06-16,36.375,41.375,10.8875,995.625
2014-06-17,36.875,42.125,15.9625,994.125
2014-06-18,33.875,58.0,10.425,994.25
2014-06-19,35.75,47.875,10.8875,993.25
2014-06-20,38.0,36.125,17.825,991.375
2014-06-21,36.875,40.125,9.7375,993.875
2014-06-22,34.5,46.75,4.4,996.375
2014-06-23,32.125,49.75,6.7125,996.25
2014-06-24,33.0,46.25,10.1875,995.5
2014-06-25,32.25,53.25,13.2,997.625
2014-06-26,32.5,60.375,3.2375,1001.0
2014-06-27,34.75,48.5,9.4875,1001.625
2014-06-28,34.875,49.0,5.7875,999.375
2014-06-29,33.0,57.75,9.7125,997.75
2014-06-30,32.0,67.75,3.25,997.5
2014-07-01,31.375,65.125,6.25,1000.875
2014-07-02,29.5,71.375,5.787500000000001,1001.125
2014-07-03,28.875,75.125,5.0875,998.2857142857144
2014-07-04,31.38888888888889,69.0,4.333333333333333,998.7777777777778
2014-07-05,34.705882352941174,52.05882352941177,9.202941176470588,1000.7058823529412
2014-07-06,30.625,61.125,3.7125,1000.5
2014-07-07,34.0,48.75,5.5625,998.25
2014-07-08,35.0,39.5,9.725,996.875
2014-07-09,36.0,37.125,13.65,996.5
2014-07-10,36.125,38.75,11.3375,996.875
2014-07-11,36.625,38.625,8.7875,996.125
2014-07-12,35.875,51.375,5.3375,996.0
2014-07-13,31.625,69.75,6.025,998.0
2014-07-14,32.375,67.875,6.725,997.125
2014-07-15,33.125,62.625,8.825000000000001,996.0
2014-07-16,32.625,63.0,10.45,997.25
2014-07-17,30.75,74.25,6.7250000000000005,996.125
2014-07-18,27.25,83.875,2.55,994.875
2014-07-19,29.875,71.0,6.25,995.125
2014-07-20,30.875,68.875,6.262499999999999,996.75
2014-07-21,32.125,65.5,4.65,996.0
2014-07-22,31.625,69.75,7.175,997.0
2014-07-23,30.625,72.875,8.1125,997.75
2014-07-24,30.5,63.625,12.0375,998.7142857142856
2014-07-25,30.75,63.25,9.9625,1000.75
2014-07-26,32.5,61.5,7.175,1001.875
2014-07-27,31.714285714285715,65.42857142857143,6.25,1001.875
2014-07-28,30.0,75.75,18.05,999.375
2014-07-29,30.25,69.875,5.7875000000000005,999.25
2014-07-30,31.875,65.75,4.175000000000001,999.5714285714286
2014-07-31,32.5,65.75,7.425,999.625
2014-08-01,33.25,59.5,6.500000000000001,998.0
2014-08-02,30.125,77.75,0.925,997.125
2014-08-03,31.5,66.25,5.7875000000000005,995.375
2014-08-04,30.5,69.75,5.1000000000000005,996.125
2014-08-05,29.75,77.5,1.85,997.5
2014-08-06,32.125,65.0,5.5625,996.875
2014-08-07,31.125,65.375,6.949999999999999,997.0
2014-08-08,31.0,67.875,6.012500000000001,998.375
2014-08-09,29.235294117647054,80.47058823529412,6.652941176470588,1001.6470588235294
2014-08-10,28.5,89.90625,5.2250000000000005,1002.15625
2014-08-11,31.125,72.125,3.0125,999.875
2014-08-12,32.125,57.5,8.3375,998.75
2014-08-13,32.125,57.71428571428572,20.825,998.25
2014-08-14,30.375,57.5,18.5125,997.375
2014-08-15,31.125,54.875,14.5875,998.875
2014-08-16,30.428571428571427,59.85714285714285,8.35,1002.5
2014-08-17,31.375,53.875,7.1875,1003.25
2014-08-18,31.875,56.625,5.5625,1005.375
2014-08-19,33.0,52.42857142857143,6.885714285714286,1004.8571428571428
2014-08-20,33.25,47.125,8.7875,1002.375
2014-08-21,32.5,43.0,10.8875,1001.25
2014-08-22,33.0,47.125,8.5625,1002.8571428571428
2014-08-23,33.125,45.75,9.2625,1003.25
2014-08-24,33.125,46.25,11.35,1002.875
2014-08-25,33.875,46.625,7.874999999999999,1002.375
2014-08-26,34.125,40.25,9.9625,1001.375
2014-08-27,33.857142857142854,44.71428571428572,8.112499999999999,1001.125
2014-08-28,29.625,67.75,6.7250000000000005,1003.75
2014-08-29,30.375,69.25,3.7,1003.5
2014-08-30,28.625,78.125,4.1625,1002.625
2014-08-31,27.625,86.125,4.4125,1001.25
2014-09-01,29.428571428571427,65.85714285714286,15.5125,1001.125
2014-09-02,29.25,71.0,10.425,1001.875
2014-09-03,28.625,77.875,15.0375,1001.4285714285714
2014-09-04,27.875,80.75,9.275,1000.375
2014-09-05,26.5,85.75,8.337499999999999,1000.1428571428572
2014-09-06,28.5,76.875,2.0875,1002.375
2014-09-07,31.0,67.625,1.4,1003.25
2014-09-08,31.25,66.375,3.475,1003.125
2014-09-09,31.0,70.125,1.85,1002.375
2014-09-10,28.75,77.5,4.875,1003.25
2014-09-11,26.571428571428573,85.71428571428571,17.825,1005.5714285714286
2014-09-12,28.5,73.0,1.625,1005.125
2014-09-13,29.375,68.25,4.1625,1004.0
2014-09-14,29.125,65.5,6.712500000000001,1004.25
2014-09-15,29.625,63.125,6.7125,1004.25
2014-09-16,30.625,65.125,6.25,1002.25
2014-09-17,30.625,61.875,7.4,1002.125
2014-09-18,30.5,62.375,6.7125,1003.875
2014-09-19,31.0,56.625,4.175000000000001,1003.5
2014-09-20,31.125,55.75,4.4,1002.875
2014-09-21,30.5,54.875,5.5625,1003.625
2014-09-22,30.625,50.0,13.437499999999998,1004.5
2014-09-23,31.0,47.0,30.685714285714283,1004.2857142857144
2014-09-24,29.625,53.0,8.1,1006.25
2014-09-25,30.0,52.5,9.725,1007.75
2014-09-26,30.0,52.5,5.7875,1008.125
2014-09-27,30.5,46.875,8.799999999999999,1009.25
2014-09-28,30.25,48.875,7.175,1009.625
2014-09-29,30.5,48.75,7.4125,1009.125
2014-09-30,30.625,50.125,6.712500000000001,1009.625
2014-10-01,30.428571428571427,52.85714285714285,3.1714285714285717,1010.4285714285714
2014-10-02,30.375,53.375,2.7875,1009.125
2014-10-03,30.5,52.625,1.85,1008.0
2014-10-04,31.0,53.5,0.0,1008.5
2014-10-05,30.625,56.125,0.0,1010.375
2014-10-06,30.625,56.75,0.0,1010.125
2014-10-07,31.0,59.375,1.1625,1008.375
2014-10-08,28.75,52.75,3.7125,1009.875
2014-10-09,27.625,49.875,3.2375,1010.125
2014-10-10,27.125,57.375,3.2375000000000003,1008.75
2014-10-11,25.714285714285715,57.142857142857146,6.9375,1008.25
2014-10-12,26.0,58.625,0.4625,1008.375
2014-10-13,27.625,59.75,8.799999999999999,1009.875
2014-10-14,24.5,67.625,5.325000000000001,1010.875
2014-10-15,24.5,68.0,3.2625,1013.375
2014-10-16,23.0,58.875,4.862500000000001,1014.0
2014-10-17,25.0,47.66666666666666,25.0125,1013.625
2014-10-18,24.0,56.142857142857146,21.3,1012.875
2014-10-19,23.75,57.75,4.1625,1012.625
2014-10-20,24.75,55.625,4.4,1013.125
2014-10-21,25.625,56.125,2.0875,1014.625
2014-10-22,25.75,64.875,0.4625,1014.5
2014-10-23,25.25,66.0,0.925,1012.75
2014-10-24,25.5,67.5,1.85,1011.75
2014-10-25,25.25,67.125,0.925,1012.375
2014-10-26,25.125,65.5,2.0875000000000004,1014.875
2014-10-27,24.875,62.875,1.8625,1013.75
2014-10-28,25.125,64.75,2.5625,1012.0
2014-10-29,24.75,65.75,1.625,1012.125
2014-10-30,23.875,61.375,1.85,1014.5
2014-10-31,23.375,58.25,3.7125,1013.625
2014-11-01,22.5,50.875,5.325000000000001,1014.125
2014-11-02,22.875,49.125,7.1875,1014.5
2014-11-03,23.375,52.75,4.1625,1013.5
2014-11-04,23.625,56.625,3.9375,1012.125
2014-11-05,22.75,56.25,4.625,1012.375
2014-11-06,23.0,56.25,6.25,1011.625
2014-11-07,24.0,66.125,2.3125,1012.875
2014-11-08,23.875,66.25,1.625,1014.625
2014-11-09,24.125,56.375,4.1625,1015.125
2014-11-10,21.375,52.125,3.4750000000000005,1014.0
2014-11-11,19.25,55.125,2.325,1014.75
2014-11-12,19.625,52.0,2.3125,1015.875
2014-11-13,18.5,50.5,3.2375,1016.5
2014-11-14,18.375,43.0,7.4125,1016.375
2014-11-15,18.625,44.75,2.775,1014.875
2014-11-16,18.25,47.625,2.55,1015.375
2014-11-17,17.75,51.75,2.7750000000000004,1016.125
2014-11-18,17.625,53.0,2.0875,1017.875
2014-11-19,17.5,58.125,1.1625,1016.5
2014-11-20,20.375,54.625,3.0250000000000004,1013.375
2014-11-21,18.25,62.125,3.2375,1012.75
2014-11-22,19.875,58.875,1.625,1011.375
2014-11-23,17.125,57.375,1.3875,1014.625
2014-11-24,16.875,52.25,4.175000000000001,1016.0
2014-11-25,16.5,51.5,2.55,1014.875
2014-11-26,19.625,51.0,5.550000000000001,1009.875
2014-11-27,18.125,63.875,0.0,1011.75
2014-11-28,19.375,67.375,0.0,1012.5
2014-11-29,20.25,67.625,0.0,1012.375
2014-11-30,19.75,54.75,2.55,1014.0
2014-12-01,20.0,42.625,8.799999999999999,1013.75
2014-12-02,21.375,47.625,7.875000000000001,1012.75
2014-12-03,25.0,66.57142857142857,11.37142857142857,1007.0
2014-12-04,21.25,68.875,4.862500000000001,1010.375
2014-12-05,17.75,59.875,2.55,1017.125
2014-12-06,18.25,48.875,4.8625,1016.375
2014-12-07,17.25,48.375,4.862500000000001,1014.75
2014-12-08,17.0,49.875,2.775,1015.0
2014-12-09,15.285714285714286,67.57142857142857,0.0,1016.8571428571428
2014-12-10,21.5,65.5,4.8625,1010.5
2014-12-11,19.625,70.5,3.25,1011.625
2014-12-12,17.5,65.625,0.4625,1014.375
2014-12-13,16.0,71.875,8.8,1016.125
2014-12-14,16.875,86.625,3.95,1014.5
2014-12-15,16.625,75.75,2.325,1016.125
2014-12-16,17.75,72.375,7.425000000000001,1017.375
2014-12-17,12.875,72.125,6.4875,1020.25
2014-12-18,11.75,79.75,3.0125,1021.375
2014-12-19,11.75,81.75,0.4625,1022.125
2014-12-20,11.25,77.0,5.800000000000001,1018.75
2014-12-21,9.5,79.125,0.925,1018.0
2014-12-22,9.375,85.0,1.3875000000000002,1017.125
2014-12-23,9.625,78.625,1.625,1017.875
2014-12-24,9.875,83.0,3.4750000000000005,1021.25
2014-12-25,9.25,81.125,8.100000000000001,1020.125
2014-12-26,10.75,77.0,7.6375,1017.75
2014-12-27,10.375,69.0,2.775,1018.625
2014-12-28,9.0,86.0,0.7,1019.75
2014-12-29,11.125,72.625,1.3875,1017.25
2014-12-30,11.625,70.625,2.55,1014.625
2014-12-31,12.375,67.125,2.7875,1016.875
2015-01-01,14.75,72.0,0.925,1017.5
2015-01-02,14.875,96.625,3.0125,1017.875
2015-01-03,15.125,92.0,0.925,1017.375
2015-01-04,14.125,78.75,9.5125,1019.625
2015-01-05,14.0,69.375,15.05,1016.0
2015-01-06,12.0,79.875,4.4,1015.5
2015-01-07,9.625,86.0,3.9375,1016.625
2015-01-08,10.0,87.875,3.4875,1019.125
2015-01-09,10.625,80.625,1.625,1020.125
2015-01-10,11.125,73.125,4.4125000000000005,1018.875
2015-01-11,11.0,80.75,4.8625,1019.125
2015-01-12,10.625,79.5,0.925,1019.5
2015-01-13,12.25,77.875,4.875,1017.125
2015-01-14,12.0,82.25,5.1000000000000005,1017.5
2015-01-15,12.375,79.125,0.925,1019.375
2015-01-16,13.0,78.125,4.6375,1019.25
2015-01-17,13.5,76.625,1.8625,1019.25
2015-01-18,13.0,73.875,2.5500000000000003,1018.75
2015-01-19,13.75,78.0,1.85,1018.875
2015-01-20,13.375,74.375,7.1875,1020.0
2015-01-21,13.25,73.375,3.7,1021.0
2015-01-22,12.625,94.125,3.2375,1020.625
2015-01-23,14.625,85.0,1.1625,1020.0
2015-01-24,12.375,86.25,9.7375,1020.75
2015-01-25,13.25,77.75,4.1625,1020.375
2015-01-26,13.75,88.125,0.925,1019.875
2015-01-27,13.25,74.25,5.3375,1019.3333333333334
2015-01-28,11.714285714285714,67.0,27.775,1018.25
2015-01-29,11.5,67.5,3.9375,1019.75
2015-01-30,12.75,56.125,12.0375,1020.375
2015-01-31,13.75,57.625,9.025,1017.875
2015-02-01,15.0,65.25,5.1000000000000005,1017.75
2015-02-02,17.375,63.875,11.8125,1017.5
2015-02-03,16.75,71.25,7.175000000000002,1020.5
2015-02-04,14.625,81.125,9.25,1022.0
2015-02-05,14.625,62.875,7.399999999999999,1019.25
2015-02-06,15.125,62.625,3.0125,1019.0
2015-02-07,15.875,67.625,1.85,1017.0
2015-02-08,16.625,63.875,4.4125000000000005,1017.375
2015-02-09,16.875,63.5,5.55,1019.75
2015-02-10,15.75,64.0,4.625,1019.75
2015-02-11,16.0,66.625,1.85,1017.125
2015-02-12,15.5,69.625,6.025,1016.125
2015-02-13,17.25,59.0,6.725,1012.625
2015-02-14,19.375,63.125,4.1625,1009.625
2015-02-15,18.875,70.125,1.3875000000000002,1012.625
2015-02-16,20.625,71.25,10.425,1013.625
2015-02-17,21.142857142857142,72.57142857142857,5.028571428571429,1011.8571428571428
2015-02-18,21.25,72.875,5.1000000000000005,1011.75
2015-02-19,22.75,73.5,7.65,1012.0
2015-02-20,22.75,67.125,7.187500000000001,1013.875
2015-02-21,21.875,63.5,11.3375,1014.125
2015-02-22,22.142857142857142,58.85714285714285,14.812499999999998,1013.375
2015-02-23,21.5,74.375,3.0250000000000004,1014.25
2015-02-24,22.875,72.375,6.0375,1010.625
2015-02-25,23.125,58.625,6.5,1008.5
2015-02-26,20.0,34.375,6.7125,1009.875
2015-02-27,19.25,43.125,5.800000000000001,1013.0
2015-02-28,21.25,45.5,6.950000000000001,1013.0
2015-03-01,17.375,92.75,14.8125,1011.125
2015-03-02,17.5,89.875,6.725,1012.5
2015-03-03,16.25,82.5,5.5625,1013.75
2015-03-04,16.75,69.25,6.7125,1014.0
2015-03-05,18.75,64.0,3.7,1015.75
2015-03-06,20.0,62.375,5.0875,1016.375
2015-03-07,18.375,80.375,4.175,1013.7142857142856
2015-03-08,19.5,74.125,7.8875,1015.375
2015-03-09,18.125,54.25,12.2625,1021.0
2015-03-10,17.75,68.5,8.5625,1019.125
2015-03-11,18.25,69.875,6.025,1018.125
2015-03-12,20.5,63.375,5.325000000000001,1017.0
2015-03-13,21.375,65.25,4.175000000000001,1014.75
2015-03-14,21.5,64.625,7.875,1015.125
2015-03-15,17.625,89.125,11.575,1015.5
2015-03-16,19.857142857142858,81.85714285714286,8.5625,1017.375
2015-03-17,20.875,70.375,13.2,1015.875
2015-03-18,20.25,69.625,12.2625,1013.5
2015-03-19,21.125,66.0,5.3375,1014.875
2015-03-20,22.5,65.75,9.025,1014.875
2015-03-21,24.875,60.5,5.7875,1014.875
2015-03-22,25.125,64.0,10.2,1012.0
2015-03-23,24.75,65.75,7.637499999999999,1010.0
2015-03-24,25.75,65.5,1.3875000000000002,1010.25
2015-03-25,26.625,65.625,2.55,1011.8571428571428
2015-03-26,28.5,54.375,9.2625,1013.0
2015-03-27,27.375,51.375,7.65,1012.0
2015-03-28,27.0,53.625,3.7125,1009.625
2015-03-29,25.0,52.75,13.1875,1008.625
2015-03-30,23.5,66.25,14.8125,1010.375
2015-03-31,25.25,64.875,3.7,1010.1428571428572
2015-04-01,26.428571428571427,59.71428571428572,6.7125,1007.5
2015-04-02,28.714285714285715,45.285714285714285,10.175,1004.625
2015-04-03,24.5,71.125,6.9625,1004.75
2015-04-04,21.0,77.5,1.3875000000000002,1005.25
2015-04-05,23.571428571428573,67.71428571428571,17.6,1007.75
2015-04-06,25.0,60.125,2.775,1007.75
2015-04-07,23.75,62.125,9.7375,1010.25
2015-04-08,25.625,50.375,6.712500000000001,1012.0
2015-04-09,26.0,52.875,9.0375,1010.5
2015-04-10,27.125,52.25,6.25,1008.5
2015-04-11,28.25,44.875,8.1,1008.375
2015-04-12,24.375,63.0,5.325,1012.375
2015-04-13,24.75,70.875,6.950000000000001,1013.75
2015-04-14,26.25,62.75,3.0125,1012.75
2015-04-15,27.625,59.25,5.7875000000000005,1012.875
2015-04-16,25.25,58.25,8.1125,1013.875
2015-04-17,28.125,48.75,8.3375,1007.125
2015-04-18,30.125,44.5,5.562500000000001,1002.375
2015-04-19,32.125,41.0,4.175,1003.875
2015-04-20,32.875,37.875,7.1875,1005.75
2015-04-21,31.75,28.5,11.1125,1005.625
2015-04-22,30.75,30.25,11.349999999999998,1003.125
2015-04-23,30.75,33.0,8.1,1004.0
2015-04-24,31.125,39.5,2.5500000000000003,1004.375
2015-04-25,30.5,43.125,12.975,1005.875
2015-04-26,28.75,51.125,15.7375,1008.0
2015-04-27,30.125,53.0,17.5875,1006.75
2015-04-28,31.0,48.25,12.5125,1004.5
2015-04-29,31.25,47.25,9.025,1005.0
2015-04-30,32.625,44.75,15.05,1004.0
2015-05-01,31.25,43.5,5.3375,1005.875
2015-05-02,30.125,40.25,4.4,1006.25
2015-05-03,31.0,39.25,3.0125,1006.625
2015-05-04,30.875,39.25,3.9375,1006.625
2015-05-05,32.125,31.125,7.649999999999999,1003.875
2015-05-06,34.125,22.0,11.3625,1001.875
2015-05-07,35.42857142857143,13.428571428571429,15.342857142857143,1003.5714285714286
2015-05-08,34.125,22.375,12.275,1003.25
2015-05-09,35.125,27.0,8.3375,1001.625
2015-05-10,35.125,25.0,6.9625,1001.375
2015-05-11,34.0,32.625,10.8875,1003.625
2015-05-12,33.125,46.0,6.0375000000000005,1004.875
2015-05-13,27.75,61.0,6.7125,1006.125
2015-05-14,29.625,49.625,4.4125,1007.25
2015-05-15,28.5,52.125,7.175000000000001,1006.5
2015-05-16,30.0,51.625,4.1625,1003.25
2015-05-17,33.25,40.375,8.35,1001.125
2015-05-18,35.375,35.75,5.562500000000001,1000.0
2015-05-19,31.5,44.0,14.812500000000002,1002.125
2015-05-20,33.125,31.625,14.6,1002.0
2015-05-21,35.625,24.625,11.3375,1000.375
2015-05-22,36.25,19.5,12.5125,998.125
2015-05-23,37.375,21.75,12.725,996.125
2015-05-24,36.0,29.25,5.1000000000000005,997.375
2015-05-25,37.75,22.25,10.875,996.875
2015-05-26,35.25,26.625,17.125,1001.5
2015-05-27,33.75,20.5,6.7125,1001.25
2015-05-28,34.75,29.5,8.3375,1000.625
2015-05-29,35.125,27.25,8.125,1001.625
2015-05-30,32.25,38.75,12.2625,1003.875
2015-05-31,34.25,25.0,14.5875,1001.75
2015-06-01,29.375,41.75,12.5125,1003.25
2015-06-02,31.625,39.25,8.575,1003.5
2015-06-03,28.625,50.5,6.7250000000000005,1004.625
2015-06-04,31.875,48.375,4.8625,1004.0
2015-06-05,32.625,39.875,6.0125,1003.5
2015-06-06,33.375,39.75,7.862500000000001,1001.375
2015-06-07,35.0,36.25,7.175000000000001,999.25
2015-06-08,36.5,33.0,6.25,998.875
2015-06-09,37.625,23.875,18.75,998.875
2015-06-10,36.625,32.285714285714285,18.05,999.625
2015-06-11,35.625,34.75,18.2875,1000.0
2015-06-12,35.875,34.625,12.7375,998.5
2015-06-13,31.125,48.125,10.1875,998.8571428571428
2015-06-14,27.0,77.625,3.95,1000.2857142857144
2015-06-15,31.0,60.75,3.0125,999.5714285714286
2015-06-16,32.375,52.125,2.7875,999.1428571428572
2015-06-17,33.875,49.75,3.25,998.0
2015-06-18,35.125,45.125,3.0125,997.625
2015-06-19,35.875,46.75,8.575,996.25
2015-06-20,33.125,48.5,12.975,997.875
2015-06-21,30.375,63.625,8.1125,998.125
2015-06-22,32.125,59.5,4.4,995.625
2015-06-23,31.5,61.625,6.012500000000001,995.0
2015-06-24,37.25,63.875,6.5,995.375
2015-06-25,26.625,82.75,6.2625,994.75
2015-06-26,31.125,54.25,11.5625,995.25
2015-06-27,32.625,48.25,14.1125,997.125
2015-06-28,34.25,47.5,9.0375,1000.2857142857144
2015-06-29,31.125,56.625,11.562500000000002,1003.625
2015-06-30,30.875,58.625,9.9625,1002.625
2015-07-01,32.0,53.25,4.175000000000001,1001.875
2015-07-02,33.75,45.875,6.949999999999999,1001.125
2015-07-03,33.0,49.0,14.35,999.625
2015-07-04,34.125,51.5,16.900000000000002,997.5
2015-07-05,35.714285714285715,47.285714285714285,14.014285714285714,995.4285714285714
2015-07-06,27.875,83.25,9.275,997.875
2015-07-07,28.125,86.125,1.85,998.125
2015-07-08,31.25,72.0,2.7750000000000004,998.625
2015-07-09,29.625,77.25,2.55,998.625
2015-07-10,26.625,92.125,6.025,998.75
2015-07-11,25.5,98.0,3.2375000000000003,999.3333333333334
2015-07-12,25.5,94.75,7.425000000000001,998.625
2015-07-13,29.875,73.125,4.8625,1000.625
2015-07-14,30.875,67.875,10.875,997.8571428571428
2015-07-15,33.375,52.875,17.137500000000003,993.75
2015-07-16,31.75,61.375,13.437499999999998,994.75
2015-07-17,30.75,75.625,4.4,997.25
2015-07-18,29.5,78.875,4.175,998.0
2015-07-19,30.125,70.0,0.7,997.625
2015-07-20,29.125,78.0,4.8625,999.125
2015-07-21,31.375,69.25,8.125,1000.0
2015-07-22,32.25,64.125,7.875000000000002,1001.125
2015-07-23,32.125,64.875,8.575000000000001,1001.75
2015-07-24,32.0,64.75,6.7125,1001.0
2015-07-25,30.857142857142858,71.0,19.9125,998.5714285714286
2015-07-26,30.0,71.625,16.8875,998.875
2015-07-27,29.625,69.0,11.3375,1000.2857142857144
2015-07-28,29.5,61.0,11.5875,1000.125
2015-07-29,28.5,68.125,10.875,998.0
2015-07-30,29.0,67.75,9.9625,998.875
2015-07-31,29.0,71.0,4.175000000000001,999.75
2015-08-01,28.25,71.75,0.925,1002.75
2015-08-02,29.625,69.5,2.55,1003.625
2015-08-03,31.5,58.625,5.325,1001.875
2015-08-04,29.428571428571427,77.78571428571429,4.771428571428572,1000.0714285714286
2015-08-05,29.59375,79.65625,8.221875,1000.28125
2015-08-06,29.5,79.125,3.0250000000000004,998.0
2015-08-07,29.25,83.0,2.3125,1000.0
2015-08-08,28.875,84.875,1.625,1002.0
2015-08-09,27.375,90.125,3.0125,1000.25
2015-08-10,30.375,77.0,0.0,1000.0
2015-08-11,28.375,86.625,0.4625,1003.0
2015-08-12,30.75,74.25,0.0,1003.125
2015-08-13,32.0,69.5,0.4625,1001.875
2015-08-14,30.875,72.625,3.475,1002.0
2015-08-15,28.5,85.5,0.0,1002.75
2015-08-16,28.625,82.625,1.85,1002.875
2015-08-17,30.75,72.625,0.7,1001.375
2015-08-18,29.125,72.875,4.875,1002.5714285714286
2015-08-19,31.25,61.25,33.325,1002.375
2015-08-20,30.75,58.625,14.6,1001.375
2015-08-21,29.375,72.0,8.575,1002.0
2015-08-22,30.25,65.375,5.800000000000001,1000.875
2015-08-23,29.875,69.375,5.5625,1000.8571428571428
2015-08-24,30.75,65.625,7.1875,1001.75
2015-08-25,32.0,57.285714285714285,10.071428571428571,1001.0
2015-08-26,32.0,61.0,4.862500000000001,1001.125
2015-08-27,32.5,61.0,5.325000000000001,1002.0
2015-08-28,32.0,63.5,2.3125,1002.25
2015-08-29,32.25,58.0,5.812500000000001,1001.375
2015-08-30,32.625,56.5,9.275,1001.375
2015-08-31,31.857142857142858,54.42857142857143,13.485714285714286,1001.8333333333334
2015-09-01,32.125,47.625,15.275,1000.8571428571428
2015-09-02,31.875,45.625,12.7375,1001.75
2015-09-03,31.625,49.125,10.1875,1005.5
2015-09-04,32.0,42.625,11.35,1007.875
2015-09-05,30.875,47.25,7.637499999999999,1007.125
2015-09-06,31.25,41.8,7.6375,1006.25
2015-09-07,31.5,46.375,9.4875,1005.75
2015-09-08,31.625,47.0,11.8125,1005.5
2015-09-09,31.0,47.875,10.1875,1005.625
2015-09-10,31.25,46.5,8.575000000000001,1006.75
2015-09-11,30.75,49.75,6.012499999999999,1006.25
2015-09-12,32.142857142857146,54.42857142857143,3.171428571428572,1006.0
2015-09-13,32.125,55.25,1.3875000000000002,1005.875
2015-09-14,31.875,54.375,2.55,1003.625
2015-09-15,33.0,55.0,0.4625,1003.25
2015-09-16,32.375,55.0,1.4,1003.625
2015-09-17,31.375,58.375,1.1625,1004.375
2015-09-18,31.0,67.625,7.4125,1005.125
2015-09-19,30.625,74.25,2.0875000000000004,1003.625
2015-09-20,29.142857142857142,69.14285714285714,5.557142857142858,1002.8571428571428
2015-09-21,30.125,64.5,5.800000000000002,1002.5
2015-09-22,30.25,64.375,10.187499999999998,1002.5
2015-09-23,28.625,61.25,13.675,1006.375
2015-09-24,28.25,52.375,11.575,1004.625
2015-09-25,28.5,49.375,8.575,1003.75
2015-09-26,29.25,53.5,6.25,1005.25
2015-09-27,28.714285714285715,58.142857142857146,2.9142857142857146,1007.0
2015-09-28,28.25,58.5,3.9375,1009.0
2015-09-29,29.0,54.57142857142857,9.528571428571428,1010.5714285714286
2015-09-30,29.0,46.875,8.3375,1011.375
2015-10-01,28.125,51.25,5.574999999999999,1012.0
2015-10-02,28.285714285714285,53.71428571428572,14.5875,1010.75
2015-10-03,30.0,52.333333333333336,18.785714285714285,1008.7142857142856
2015-10-04,29.0,54.375,3.0250000000000004,1008.125
2015-10-05,28.875,59.375,1.3875000000000002,1009.25
2015-10-06,28.375,61.125,4.6375,1009.0
2015-10-07,28.625,65.75,6.4750000000000005,1009.125
2015-10-08,28.375,65.125,4.4125000000000005,1007.5
2015-10-09,28.5,59.75,6.025,1004.25
2015-10-10,28.5,54.625,6.7125,1005.0
2015-10-11,28.571428571428573,51.57142857142857,6.885714285714286,1008.7142857142856
2015-10-12,29.25,54.125,3.25,1010.0
2015-10-13,29.5,62.875,3.725000000000001,1011.0
2015-10-14,28.125,63.625,4.875000000000001,1013.25
2015-10-15,27.5,66.0,0.4625,1013.5
2015-10-16,27.875,62.625,0.925,1013.5
2015-10-17,28.0,63.75,3.7125,1012.25
2015-10-18,26.857142857142858,71.71428571428571,11.1125,1013.125
2015-10-19,28.142857142857142,66.28571428571429,3.4571428571428577,1011.7142857142856
2015-10-20,27.714285714285715,64.85714285714286,2.9142857142857146,1009.8571428571428
2015-10-21,26.5,62.125,2.0875,1011.875
2015-10-22,24.75,56.0,4.4,1012.25
2015-10-23,24.0,51.625,4.862500000000001,1011.875
2015-10-24,24.875,53.25,1.4,1011.625
2015-10-25,26.375,47.125,5.575,1012.75
2015-10-26,25.625,52.125,5.574999999999999,1014.875
2015-10-27,24.75,54.25,3.475,1013.875
2015-10-28,20.875,57.25,7.875000000000001,1015.875
2015-10-29,22.125,63.5,1.85,1016.875
2015-10-30,22.375,67.25,1.625,1016.375
2015-10-31,22.375,69.375,1.1625,1016.125
2015-11-01,22.875,70.5,0.925,1016.25
2015-11-02,23.375,71.375,0.4625,1015.875
2015-11-03,24.0,67.875,0.475,1014.25
2015-11-04,23.75,69.0,0.925,1012.25
2015-11-05,22.125,75.25,5.100000000000001,1012.375
2015-11-06,22.875,74.375,2.325,1012.75
2015-11-07,21.875,74.875,1.1625,1014.625
2015-11-08,21.875,70.25,1.8625,1015.875
2015-11-09,21.75,73.625,0.7,1015.0
2015-11-10,22.75,72.625,0.7,1013.5
2015-11-11,21.875,59.5,4.6375,1014.375
2015-11-12,21.875,60.5,5.7875,1015.375
2015-11-13,22.375,59.375,5.325,1014.875
2015-11-14,22.375,59.625,3.475,1012.0
2015-11-15,22.5,62.0,0.0,1012.0
2015-11-16,21.875,50.375,2.7875,1012.625
2015-11-17,19.875,48.375,5.1000000000000005,1013.5
2015-11-18,18.5,57.625,4.4,1016.375
2015-11-19,18.5,64.75,0.925,1017.5
2015-11-20,18.5,66.0,0.4625,1016.125
2015-11-21,18.75,67.625,1.3875000000000002,1015.5
2015-11-22,18.625,64.875,0.4625,1015.125
2015-11-23,17.0,73.5,0.0,1015.875
2015-11-24,18.5,63.0,1.625,1016.0
2015-11-25,19.375,56.375,5.7875000000000005,1014.75
2015-11-26,20.0,59.5,0.925,1012.75
2015-11-27,18.5,66.25,2.55,1011.25
2015-11-28,18.75,82.125,1.1625,1015.375
2015-11-29,18.125,81.25,1.1625,1018.0
2015-11-30,19.5,82.375,0.925,1016.75
2015-12-01,19.25,78.75,1.625,1014.75
2015-12-02,18.125,72.125,2.0875,1016.125
2015-12-03,17.625,70.25,7.1875,1016.0
2015-12-04,17.625,67.5,4.6375,1015.0
2015-12-05,17.5,72.375,0.925,1015.875
2015-12-06,17.125,75.875,1.4,1016.5
2015-12-07,17.625,76.875,2.3125,1017.25
2015-12-08,18.428571428571427,71.28571428571429,1.0571428571428572,1015.7142857142856
2015-12-09,18.375,78.125,3.475,1015.25
2015-12-10,19.0,77.25,2.0875000000000004,1011.75
2015-12-11,17.25,77.875,5.1000000000000005,1011.375
2015-12-12,13.25,91.0,4.4,1014.25
2015-12-13,12.875,67.0,3.475,1016.5
2015-12-14,13.25,63.625,7.400000000000001,1017.0
2015-12-15,13.125,63.875,5.325,1016.5
2015-12-16,13.0,65.5,1.1625,1016.375
2015-12-17,12.25,73.625,0.925,1016.875
2015-12-18,12.875,71.25,4.4,1018.625
2015-12-19,12.375,71.875,3.4875,1019.0
2015-12-20,11.75,70.25,1.1625,1018.5
2015-12-21,12.625,74.75,1.3875000000000002,1018.875
2015-12-22,12.0,79.875,0.7,1020.875
2015-12-23,12.5,81.375,3.4875000000000003,1020.625
2015-12-24,11.25,68.625,6.025,1021.25
2015-12-25,11.5,66.125,5.5625,1022.0
2015-12-26,12.75,64.5,6.4875,1021.125
2015-12-27,15.375,63.25,7.8875,1020.625
2015-12-28,17.125,58.125,10.8875,1020.875
2015-12-29,16.375,65.0,7.4125,1018.125
2015-12-30,15.5,71.75,2.1,1017.5
2015-12-31,15.0,71.375,2.0875,1020.5
2016-01-01,14.714285714285714,72.28571428571429,1.0571428571428572,1021.1428571428572
2016-01-02,14.0,75.875,2.0875,1021.0
2016-01-03,14.375,74.75,5.112500000000001,1018.5
2016-01-04,15.75,77.125,0.0,1017.625
2016-01-05,15.833333333333334,88.83333333333333,0.6166666666666667,1017.0
2016-01-06,17.375,81.625,2.3125,1016.5
2016-01-07,17.125,87.0,0.0,1018.125
2016-01-08,15.5,83.25,7.887500000000001,1017.25
2016-01-09,15.857142857142858,65.14285714285714,8.471428571428572,1015.4285714285714
2016-01-10,15.625,74.375,2.775,1017.5
2016-01-11,15.75,74.875,1.625,1017.5
2016-01-12,18.0,69.6875,6.03125,1014.9375
2016-01-13,18.266666666666666,75.8,5.08,1014.3333333333334
2016-01-14,15.5625,80.4375,4.300000000000001,1016.125
2016-01-15,13.0,84.1875,10.775,1017.0
2016-01-16,13.6,80.06666666666666,11.239999999999998,1014.6
2016-01-17,14.0,77.66666666666667,2.1066666666666665,1016.2
2016-01-18,13.266666666666667,80.46666666666667,1.4800000000000002,1014.7333333333332
2016-01-19,12.357142857142858,88.57142857142857,4.65,1015.2857142857144
2016-01-20,12.066666666666666,84.2,6.193333333333333,1018.6666666666666
2016-01-21,12.1875,73.1875,7.887499999999998,1020.1875
2016-01-22,11.733333333333333,83.4,3.586666666666667,1019.4666666666668
2016-01-23,14.4375,75.875,3.2500000000000004,1019.8125
2016-01-24,11.1875,86.25,6.624999999999999,1019.0625
2016-01-25,11.666666666666666,75.4,4.58,1017.2
2016-01-26,14.5625,79.6875,2.5500000000000003,1015.375
2016-01-27,17.583333333333332,69.16666666666667,4.025,1014.1666666666666
2016-01-28,16.857142857142858,69.35714285714286,5.028571428571429,1015.0714285714286
2016-01-29,19.5625,70.625,2.54375,1017.375
2016-01-30,20.142857142857142,78.5,1.2,1014.5
2016-01-31,17.375,78.25,7.762500000000001,1016.0
2016-02-01,15.846153846153848,65.76923076923077,7.269230769230768,1017.1538461538462
2016-02-02,15.266666666666667,55.86666666666667,8.893333333333333,1018.2
2016-02-03,13.125,66.5,7.622222222222222,1018.0
2016-02-04,16.363636363636363,53.0,6.941666666666666,1017.3333333333334
2016-02-05,12.666666666666666,70.66666666666667,2.1666666666666665,1016.8333333333334
2016-02-06,15.333333333333334,69.5,3.7,1013.3333333333334
2016-02-07,15.625,77.0,2.7875,1015.75
2016-02-08,17.09090909090909,67.18181818181819,5.9,1017.0909090909092
2016-02-09,17.76923076923077,67.46153846153847,5.846153846153848,1014.6923076923076
2016-02-10,18.133333333333333,64.86666666666666,2.1,1012.7333333333332
2016-02-11,19.6875,54.75,6.03125,1011.25
2016-02-12,19.2,57.86666666666667,0.7466666666666666,1012.5333333333332
2016-02-13,17.066666666666666,62.13333333333333,5.806666666666668,1014.8666666666668
2016-02-14,17.642857142857142,61.92857142857143,8.071428571428571,1017.2142857142856
2016-02-15,17.6,59.53333333333333,5.94,1018.7333333333332
2016-02-16,18.214285714285715,56.142857142857146,5.435714285714285,1020.0714285714286
2016-02-17,18.714285714285715,59.285714285714285,3.7071428571428577,1019.1428571428572
2016-02-18,19.466666666666665,76.0,5.186666666666667,1017.4
2016-02-19,23.153846153846157,70.23076923076923,4.146153846153847,1014.6153846153846
2016-02-20,23.625,73.125,11.11875,1014.125
2016-02-21,21.0,61.125,17.137500000000003,1014.75
2016-02-22,21.0,51.42857142857143,15.20714285714286,1014.4285714285714
2016-02-23,21.428571428571427,50.642857142857146,9.785714285714286,1012.5
2016-02-24,21.6875,58.0625,2.4437500000000005,1012.9375
2016-02-25,22.5625,57.5,5.3375,1015.5
2016-02-26,22.8,55.6,2.48,1018.4
2016-02-27,22.8,59.0,3.333333333333334,1018.4666666666668
2016-02-28,23.0,63.0625,3.712500000000001,1018.9375
2016-02-29,23.875,63.9375,3.712500000000001,1018.625
2016-03-01,24.916666666666668,57.41666666666666,1.7,1015.0
2016-03-02,24.933333333333334,57.06666666666667,1.7333333333333334,1015.4
2016-03-03,26.0,55.61538461538461,4.292307692307692,1014.6153846153846
2016-03-04,27.3125,44.25,6.14375,1012.6875
2016-03-05,23.933333333333334,57.13333333333333,11.0,1012.6666666666666
2016-03-06,22.8125,66.5625,5.21875,1013.0625
2016-03-07,23.714285714285715,64.14285714285714,5.171428571428572,1012.3571428571428
2016-03-08,23.428571428571427,60.21428571428572,6.742857142857142,1011.6428571428572
2016-03-09,24.0,57.5625,9.375,1012.0625
2016-03-10,25.5625,57.4375,7.981249999999999,1013.1875
2016-03-11,25.066666666666663,67.8,6.546666666666667,1012.5333333333332
2016-03-12,24.5625,66.9375,9.4875,1009.5625
2016-03-13,24.25,65.1875,6.84375,1011.1875
2016-03-14,22.375,66.0,6.275,1014.3125
2016-03-15,24.066666666666663,58.93333333333333,8.646666666666667,1014.8666666666668
2016-03-16,23.9375,53.75,10.88125,1012.8125
2016-03-17,26.3125,50.3125,6.84375,1010.4375
2016-03-18,26.1875,61.25,6.7125,1009.8125
2016-03-19,26.785714285714285,61.85714285714285,3.578571428571429,1009.2142857142856
2016-03-20,27.133333333333333,58.73333333333333,2.8466666666666667,1010.3333333333334
2016-03-21,26.625,43.375,12.2625,1011.125
2016-03-22,25.0625,37.875,22.1,1009.375
2016-03-23,26.2,43.266666666666666,10.641666666666667,1010.0
2016-03-24,28.133333333333333,46.86666666666667,3.2133333333333334,1013.3333333333334
2016-03-25,29.875,50.1875,3.3687500000000004,1013.1875
2016-03-26,24.666666666666668,62.66666666666666,9.393333333333334,1013.6
2016-03-27,26.25,53.6875,9.156249999999996,1012.8125
2016-03-28,25.933333333333334,52.8,6.546666666666667,7679.333333333333
2016-03-29,27.125,47.75,7.293749999999999,1011.3125
2016-03-30,29.571428571428573,39.785714285714285,7.021428571428571,1011.1428571428572
2016-03-31,30.0,39.73333333333333,4.333333333333333,1009.2
2016-04-01,30.571428571428573,38.21428571428572,12.035714285714285,1006.7142857142856
2016-04-02,32.3125,38.5625,5.4625,1008.0
2016-04-03,33.3125,44.25,2.55,1008.375
2016-04-04,32.8125,33.125,8.0,1006.6875
2016-04-05,32.3125,29.3125,9.26875,1007.0
2016-04-06,31.375,33.125,3.475,1006.875
2016-04-07,29.933333333333334,37.0,10.85,1007.2666666666668
2016-04-08,29.266666666666666,36.0,4.686666666666667,1009.2
2016-04-09,30.73333333333333,32.46666666666667,12.61875,1009.3125
2016-04-10,32.25,29.0,5.225,1008.8125
2016-04-11,29.8,35.0,16.04,1009.4
2016-04-12,30.2,36.2,19.380000000000003,1006.3333333333334
2016-04-13,31.75,28.0625,18.64375,1003.3125
2016-04-14,33.125,23.875,10.425,1003.8125
2016-04-15,33.625,25.375,9.8375,1004.625
2016-04-16,35.6875,23.6875,11.1125,1003.0625
2016-04-17,34.666666666666664,23.866666666666667,9.386666666666663,1002.6666666666666
2016-04-18,34.625,30.125,7.175,1004.6875
2016-04-19,34.0,33.6,4.566666666666666,1005.8666666666668
2016-04-20,34.0625,25.9375,14.01875,1006.4375
2016-04-21,34.0,24.666666666666668,15.75,1003.4
2016-04-22,33.25,24.25,8.35,1001.7272727272727
2016-04-23,31.916666666666668,21.818181818181817,19.65384615384616,1001.8461538461538
2016-04-24,31.3125,22.125,10.1875,1003.0625
2016-04-25,31.75,22.8125,6.949999999999999,1005.5625
2016-04-26,33.4375,25.1875,3.83125,1007.1875
2016-04-27,33.125,29.0625,4.981249999999999,1005.6875
2016-04-28,34.15384615384615,21.76923076923077,11.823076923076922,1004.6923076923076
2016-04-29,34.07142857142857,23.285714285714285,9.123076923076924,1005.7142857142856
2016-04-30,33.0625,25.5625,5.2125,1004.8125
2016-05-01,34.6875,23.375,8.575,1002.4375
2016-05-02,38.0,18.466666666666665,9.513333333333334,1002.2
2016-05-03,35.5,30.375,6.49375,1004.3125
2016-05-04,33.714285714285715,31.857142857142858,10.464285714285715,1003.7857142857144
2016-05-05,30.6,42.0,11.246666666666666,1007.4666666666668
2016-05-06,31.4375,37.4375,8.225,1007.0
2016-05-07,33.3125,37.1875,4.65,1005.5625
2016-05-08,35.13333333333333,36.333333333333336,7.293333333333332,1005.9333333333332
2016-05-09,33.53333333333333,40.6,18.425,1006.0625
2016-05-10,34.0,39.75,10.55625,1006.5625
2016-05-11,32.5,49.9375,7.774999999999999,1006.0625
2016-05-12,35.375,40.0,5.1,1002.25
2016-05-13,37.294117647058826,28.11764705882353,8.07058823529412,1001.3529411764706
2016-05-14,36.5625,31.875,4.16875,1003.125
2016-05-15,37.25,29.5,4.75,1003.5625
2016-05-16,37.21428571428572,23.5,9.019999999999998,1000.8
2016-05-17,37.5,25.8125,9.6125,998.9375
2016-05-18,37.75,27.625,8.45,997.8125
2016-05-19,37.375,40.5,9.3875,998.625
2016-05-20,37.4,44.2,8.413333333333334,996.9333333333332
2016-05-21,36.13333333333333,45.4,10.873333333333331,995.9333333333332
2016-05-22,36.8,44.8,6.553333333333333,996.4666666666668
2016-05-23,32.214285714285715,47.92857142857143,14.95,999.5714285714286
2016-05-24,31.526315789473685,53.526315789473685,8.494736842105263,1000.7368421052632
2016-05-25,33.21739130434783,46.60869565217392,10.160869565217393,997.4782608695652
2016-05-26,35.26923076923077,44.57692307692308,15.17692307692308,999.1538461538462
2016-05-27,38.27272727272727,26.09090909090909,15.31818181818182,999.9545454545456
2016-05-28,36.0625,37.25,14.405555555555551,999.8333333333334
2016-05-29,31.5,57.0625,11.68125,1001.25
2016-05-30,26.8125,74.8125,9.4875,1003.8125
2016-05-31,32.642857142857146,51.21428571428572,7.4071428571428575,1002.3076923076924
2016-06-01,36.0,42.2,9.133333333333336,1002.7333333333332
2016-06-02,37.5625,35.3125,11.93125,1002.0
2016-06-03,37.5625,40.6875,2.7812500000000004,1002.25
2016-06-04,38.2,42.06666666666667,3.2066666666666666,1001.8666666666668
2016-06-05,36.16666666666666,51.75,8.5,1002.8333333333334
2016-06-06,35.42857142857143,45.71428571428572,11.0,1001.5714285714286
2016-06-07,34.625,59.1875,21.30625,1002.0625
2016-06-08,36.07142857142857,44.642857142857146,8.485714285714284,999.2142857142856
2016-06-09,35.733333333333334,43.73333333333333,9.26,938.0666666666668
2016-06-10,36.13333333333333,41.86666666666667,10.08125,998.25
2016-06-11,33.4375,49.9375,8.812500000000002,999.0
2016-06-12,35.5,37.125,9.1625,998.8125
2016-06-13,36.0,43.3125,12.85,998.1875
2016-06-14,32.625,55.125,11.859999999999998,997.8125
2016-06-15,34.733333333333334,48.86666666666667,10.513333333333332,996.1333333333332
2016-06-16,33.5,51.285714285714285,11.39285714285714,999.0
2016-06-17,34.1875,52.25,7.425,999.4285714285714
2016-06-18,35.857142857142854,50.57142857142857,10.857142857142858,1000.8571428571428
2016-06-19,35.625,53.25,9.387499999999998,1001.375
2016-06-20,30.9375,73.9375,7.643750000000001,1000.6875
2016-06-21,32.875,62.1875,8.91875,999.9375
2016-06-22,33.125,60.8125,7.418750000000001,1001.5625
2016-06-23,33.84615384615385,51.61538461538461,5.875000000000001,999.6923076923076
2016-06-24,36.4375,46.5625,7.762499999999999,998.3125
2016-06-25,35.42857142857143,55.92857142857143,9.664285714285713,1000.0714285714286
2016-06-26,34.86666666666667,57.46666666666667,7.660000000000001,1000.375
2016-06-27,34.3125,61.25,7.993749999999999,998.8666666666668
2016-06-28,30.785714285714285,75.07142857142857,5.435714285714285,1001.5
2016-06-29,35.375,58.875,8.449999999999998,1001.1875
2016-06-30,35.46666666666667,60.2,6.793333333333333,997.8666666666668
2016-07-01,32.125,73.4,8.35,1002.5625
2016-07-02,28.4,80.0,5.231250000000001,998.375
2016-07-03,29.5625,78.125,1.96875,998.25
2016-07-04,30.6875,76.3125,3.481250000000001,997.125
2016-07-05,33.25,68.6875,5.3375,995.5625
2016-07-06,33.266666666666666,64.06666666666666,8.878571428571428,996.8666666666668
2016-07-07,33.5,63.0,5.91875,997.6875
2016-07-08,30.8,75.86666666666666,5.433333333333335,997.4
2016-07-09,33.25,66.0625,6.73125,996.75
2016-07-10,32.5625,65.6875,4.7,996.0625
2016-07-11,31.5,71.9375,8.046666666666665,997.75
2016-07-12,30.5,80.1875,5.5625,999.0625
2016-07-13,31.25,76.3125,6.806666666666667,998.4375
2016-07-14,30.4375,80.4375,5.21875,998.375
2016-07-15,31.0,78.0625,7.271428571428571,998.625
2016-07-16,27.125,93.875,4.371428571428571,999.875
2016-07-17,28.125,86.5625,6.6000000000000005,1001.3333333333334
2016-07-18,27.666666666666668,91.26666666666668,7.653333333333333,1000.8
2016-07-19,32.3125,69.125,13.656249999999998,999.875
2016-07-20,34.1875,59.5625,12.9625,999.625
2016-07-21,34.13333333333333,56.86666666666667,11.48,999.2666666666668
2016-07-22,34.125,56.125,8.687500000000002,999.3333333333334
2016-07-23,31.875,66.0,7.768750000000001,1001.625
2016-07-24,31.4375,72.25,2.43125,946.3125
2016-07-25,31.9375,69.125,2.9125000000000005,1001.875
2016-07-26,30.3125,82.0,6.485714285714287,1003.125
2016-07-27,28.3125,88.25,4.293750000000001,1004.625
2016-07-28,29.53333333333333,81.33333333333333,5.186666666666667,1002.0666666666668
2016-07-29,27.375,92.4375,2.43125,1000.9375
2016-07-30,27.33333333333333,92.26666666666668,1.86,1001.2
2016-07-31,29.266666666666666,83.13333333333334,4.7,1000.6666666666666
2016-08-01,29.125,84.25,5.9125000000000005,999.125
2016-08-02,30.6875,72.125,6.375,310.4375
2016-08-03,32.5625,63.5625,5.45,998.5
2016-08-04,33.111111111111114,63.888888888888886,7.927777777777779,998.7777777777778
2016-08-05,33.8,61.66666666666666,4.319999999999999,999.3333333333334
2016-08-06,30.066666666666663,76.0,6.926666666666667,1000.8
2016-08-07,33.11764705882353,65.17647058823529,7.852941176470587,1000.529411764706
2016-08-08,33.80952380952381,62.38095238095238,9.440909090909091,999.6363636363636
2016-08-09,31.615384615384617,71.65384615384616,9.55,998.5
2016-08-10,32.0,71.25925925925925,10.159259259259262,999.3703703703704
2016-08-11,28.107142857142858,89.46428571428571,7.82142857142857,1001.6071428571428
2016-08-12,29.035714285714285,85.0,3.848148148148149,1002.2857142857144
2016-08-13,30.321428571428573,77.07142857142857,3.2296296296296303,1001.0714285714286
2016-08-14,28.933333333333334,83.7,6.369999999999998,633.9
2016-08-15,31.678571428571427,67.64285714285714,12.725,999.2857142857144
2016-08-16,31.33333333333333,66.41666666666667,14.66666666666667,-3.0416666666666665
2016-08-17,29.928571428571427,72.5,6.325,999.5185185185184
2016-08-18,29.88888888888889,79.81481481481481,1.7222222222222223,999.9230769230768
2016-08-19,32.07142857142857,68.28571428571429,1.917857142857143,999.8928571428572
2016-08-20,33.18518518518518,66.48148148148148,10.366666666666667,1000.16
2016-08-21,31.59259259259259,68.07407407407408,10.022222222222224,1001.1923076923076
2016-08-22,32.18518518518518,65.55555555555556,8.237037037037037,1002.8888888888888
2016-08-23,31.48,70.08,6.084,1003.24
2016-08-24,30.178571428571427,79.28571428571429,8.419230769230769,1002.5
2016-08-25,31.52,72.44,6.276923076923075,1004.4230769230768
2016-08-26,31.22222222222222,73.81481481481481,4.392592592592593,1005.2222222222222
2016-08-27,31.785714285714285,70.28571428571429,7.15,1006.1428571428572
2016-08-28,33.4,66.24,7.2719999999999985,1006.2
2016-08-29,29.571428571428573,82.32142857142857,5.825,1003.6071428571428
2016-08-30,30.04,76.8,8.903846153846153,1002.1923076923076
2016-08-31,27.25925925925926,89.55555555555556,6.729629629629631,1003.0370370370372
2016-09-01,27.96,87.24,4.148,1002.44
2016-09-02,30.73913043478261,71.73913043478261,13.204347826086956,1001.2727272727273
2016-09-03,30.894736842105264,62.68421052631579,13.263157894736842,1001.157894736842
2016-09-04,31.692307692307693,59.30769230769231,11.12307692307692,1002.9230769230768
2016-09-05,31.07692307692308,60.30769230769231,13.961538461538463,1003.2307692307692
2016-09-06,30.375,55.0,13.437499999999998,1003.75
2016-09-07,31.1,57.7,9.1,1003.4545454545456
2016-09-08,31.916666666666668,58.0,10.808333333333332,1005.1666666666666
2016-09-09,30.55555555555556,56.66666666666666,11.52222222222222,1004.3333333333334
2016-09-10,31.23076923076923,58.23076923076923,11.969230769230771,1005.2307692307692
2016-09-11,31.0,56.4,8.15,1003.8
2016-09-12,31.642857142857142,55.5,10.85,1005.0714285714286
2016-09-13,32.53333333333333,57.06666666666667,8.526666666666666,1006.4
2016-09-14,30.857142857142858,70.35714285714286,4.235714285714287,1006.9285714285714
2016-09-15,31.727272727272727,59.63636363636363,11.9,1004.75
2016-09-16,31.4,58.0,3.5200000000000005,1004.4
2016-09-17,32.30769230769231,58.0,2.707692307692308,1003.1538461538462
2016-09-18,32.25,58.833333333333336,17.908333333333335,1005.0
2016-09-19,32.375,59.458333333333336,2.0875,1004.7083333333334
2016-09-20,33.44444444444444,54.07407407407408,2.56923076923077,1003.5185185185184
2016-09-21,33.36,58.96,6.0920000000000005,1005.4
2016-09-22,30.03703703703704,67.62962962962963,8.107407407407404,1008.7777777777778
2016-09-23,31.0,66.10714285714286,3.571428571428573,1005.3214285714286
2016-09-24,31.24,66.48,5.496153846153845,1352.6153846153843
2016-09-25,31.130434782608692,62.30434782608695,3.1478260869565218,1004.782608695652
2016-09-26,31.48,60.88,2.986956521739131,1006.76
2016-09-27,32.18518518518518,57.81481481481482,1.7807692307692309,1006.7037037037036
2016-09-28,32.44,55.28,2.5200000000000005,1005.28
2016-09-29,32.22727272727273,61.31818181818182,3.963636363636364,1005.5909090909092
2016-09-30,32.214285714285715,59.35714285714285,2.582142857142858,1005.5714285714286
2016-10-01,32.541666666666664,61.91666666666666,3.170833333333334,1007.5
2016-10-02,32.81481481481482,61.81481481481482,4.122222222222223,1009.1111111111112
2016-10-03,33.26923076923077,59.57692307692308,3.992592592592593,1007.1851851851852
2016-10-04,30.55555555555556,69.81481481481481,5.770370370370371,1005.3703703703704
2016-10-05,28.83333333333333,71.875,3.325,1005.25
2016-10-06,30.703703703703702,64.81481481481481,3.2333333333333325,1007.1481481481482
2016-10-07,30.96,59.96,15.825,1007.2
2016-10-08,30.6,57.96,8.76153846153846,1006.8461538461538
2016-10-09,30.92,59.2,3.184000000000001,1005.96
2016-10-10,29.77777777777778,51.11111111111112,4.807407407407408,1006.1481481481482
2016-10-11,29.666666666666668,51.14814814814815,8.922222222222224,1006.5925925925926
2016-10-12,29.571428571428573,47.285714285714285,11.371428571428568,1006.25
2016-10-13,29.96296296296296,44.0,13.022222222222224,1008.3333333333334
2016-10-14,29.75,47.875,8.934782608695652,1009.125
2016-10-15,27.74074074074074,54.14814814814815,6.662962962962963,1010.5185185185184
2016-10-16,28.428571428571427,49.85714285714285,7.014285714285715,1011.8571428571428
2016-10-17,28.6,49.24,7.1160000000000005,1010.56
2016-10-18,28.5,48.458333333333336,7.668181818181818,1009.4583333333334
2016-10-19,28.925925925925927,49.18518518518518,6.459259259259259,1008.5555555555557
2016-10-20,29.07692307692308,47.73076923076923,9.124,1007.5384615384615
2016-10-21,28.40909090909091,50.40909090909091,10.695454545454549,1008.7272727272727
2016-10-22,29.33333333333333,49.48148148148148,13.323076923076924,1009.3703703703704
2016-10-23,27.5,54.96153846153846,11.546153846153846,1009.3076923076924
2016-10-24,28.5,51.42307692307692,11.188461538461535,1008.2692307692308
2016-10-25,28.04,54.56,12.388461538461542,1008.9230769230768
2016-10-26,27.57692307692308,56.19230769230769,5.699999999999998,1011.7307692307692
2016-10-27,26.55555555555556,59.37037037037037,6.044444444444444,1014.6296296296296
2016-10-28,25.51851851851852,58.77777777777778,7.277777777777777,1012.4074074074074
2016-10-29,25.814814814814813,62.77777777777778,1.7148148148148148,1013.0
2016-10-30,24.82608695652174,71.04347826086956,2.0130434782608697,1014.608695652174
2016-10-31,24.53846153846154,66.8076923076923,1.6423076923076925,1017.8076923076924
2016-11-01,24.384615384615383,58.73076923076923,2.7153846153846155,1016.3846153846154
2016-11-02,23.727272727272727,65.9090909090909,1.4318181818181817,1016.5909090909092
2016-11-03,25.64,59.76,2.2320000000000007,1016.24
2016-11-04,24.814814814814813,58.2962962962963,4.122222222222222,1012.6296296296296
2016-11-05,23.115384615384617,66.57692307692308,5.784615384615384,1010.3461538461538
2016-11-06,22.925925925925927,63.851851851851855,2.411111111111111,1011.5185185185184
2016-11-07,24.545454545454547,51.31818181818182,8.172727272727274,1012.7727272727273
2016-11-08,23.73076923076923,52.26923076923077,12.750000000000002,1013.64
2016-11-09,23.0,49.7037037037037,7.074074074074074,1014.6666666666666
2016-11-10,23.51851851851852,50.14814814814815,3.225925925925927,1013.8148148148148
2016-11-11,23.92,54.04,2.968,1014.08
2016-11-12,23.53846153846154,58.03846153846154,2.7846153846153854,1015.1538461538462
2016-11-13,24.296296296296298,55.81481481481482,4.4,1016.5185185185184
2016-11-14,23.346153846153847,60.73076923076923,1.4961538461538462,1015.7307692307692
2016-11-15,22.24,55.72,4.087999999999999,1016.24
2016-11-16,21.76923076923077,53.23076923076923,7.138461538461537,1017.5384615384615
2016-11-17,21.73076923076923,51.73076923076923,11.55,1350.2962962962963
2016-11-18,21.73076923076923,53.61538461538461,7.7799999999999985,1014.6923076923076
2016-11-19,20.666666666666668,60.66666666666666,2.8400000000000003,1012.4666666666668
2016-11-20,22.25,59.9,2.5050000000000003,1013.35
2016-11-21,21.53846153846154,60.46153846153846,2.7153846153846155,1013.0
2016-11-22,22.57894736842105,50.1578947368421,7.999999999999998,1012.8947368421052
2016-11-23,22.82608695652174,51.43478260869565,6.604347826086956,1013.1739130434784
2016-11-24,21.42105263157895,51.47368421052632,8.289473684210526,1014.9473684210526
2016-11-25,23.6,30.55,15.085000000000004,1012.95
2016-11-26,24.294117647058822,32.64705882352941,14.494117647058824,1013.25
2016-11-27,23.63636363636364,33.63636363636363,12.45909090909091,1013.5909090909092
2016-11-28,22.454545454545453,37.31818181818182,9.185714285714289,12.045454545454543
2016-11-29,21.61111111111111,53.72222222222222,1.238888888888889,1015.0
2016-11-30,19.869565217391305,80.08695652173913,4.269565217391306,1016.608695652174
2016-12-01,19.75,84.0,2.704166666666667,1016.875
2016-12-02,19.20833333333333,75.875,4.945833333333334,1017.75
2016-12-03,21.20833333333333,52.16666666666666,5.866666666666666,1019.3333333333334
2016-12-04,18.9,55.25,5.666666666666666,1019.7
2016-12-05,18.63636363636364,56.59090909090909,4.9523809523809526,1017.0454545454544
2016-12-06,18.53846153846154,69.92307692307692,2.5038461538461543,1017.9615384615385
2016-12-07,18.25,74.35,0.925,1017.421052631579
2016-12-08,16.9,73.3,1.765,1016.2
2016-12-09,19.416666666666668,68.125,1.3125,1013.4166666666666
2016-12-10,16.444444444444443,82.83333333333333,5.355555555555556,1014.0
2016-12-11,20.041666666666668,69.58333333333333,4.716666666666667,1013.2916666666666
2016-12-12,19.90909090909091,63.86363636363637,3.2818181818181817,1014.181818181818
2016-12-13,19.05,62.35,3.4300000000000006,1015.1
2016-12-14,18.55555555555556,58.61111111111112,8.027777777777775,1017.3333333333334
2016-12-15,18.166666666666668,56.625,9.879166666666666,1016.6666666666666
2016-12-16,15.833333333333334,63.27777777777778,3.9166666666666674,1018.7777777777778
2016-12-17,17.5,63.388888888888886,6.731578947368422,1016.9473684210526
2016-12-18,16.083333333333332,64.54166666666667,6.420833333333331,1018.0833333333334
2016-12-19,17.857142857142858,56.095238095238095,10.414285714285716,1017.4285714285714
2016-12-20,19.8,48.53333333333333,15.926666666666671,1015.2
2016-12-21,18.05,54.3,19.40476190476191,1015.6190476190476
2016-12-22,17.285714285714285,57.85714285714285,6.1809523809523785,1016.1428571428572
2016-12-23,15.55,74.7,1.205,1014.25
2016-12-24,17.318181818181817,78.63636363636364,5.236363636363636,1011.318181818182
2016-12-25,14.0,94.3,9.085,1014.35
2016-12-26,17.142857142857142,74.85714285714286,8.784210526315787,1016.952380952381
2016-12-27,16.85,67.55,8.335,1017.2
2016-12-28,17.217391304347824,68.04347826086956,3.547826086956522,1015.5652173913044
2016-12-29,15.238095238095235,87.85714285714286,6.0,1016.904761904762
2016-12-30,14.095238095238097,89.66666666666667,6.266666666666667,1017.904761904762
2016-12-31,15.052631578947368,87.0,7.325,1016.1
2017-01-01,10.0,100.0,0.0,1016.0
2017-01-01,15.91304347826087,85.8695652173913,2.743478260869565,59.0
2017-01-02,18.5,77.22222222222223,2.8944444444444444,1018.2777777777778
2017-01-03,17.11111111111111,81.88888888888889,4.016666666666667,1018.3333333333334
2017-01-04,18.7,70.05,4.545,1015.7
2017-01-05,18.38888888888889,74.94444444444444,3.3000000000000003,1014.3333333333334
2017-01-06,19.318181818181817,79.31818181818181,8.681818181818182,1011.7727272727273
2017-01-07,14.708333333333334,95.83333333333331,10.041666666666664,1011.375
2017-01-08,15.68421052631579,83.52631578947368,1.95,1015.55
2017-01-09,14.571428571428571,80.80952380952381,6.542857142857142,1015.952380952381
2017-01-10,12.11111111111111,71.94444444444444,9.361111111111107,1016.8888888888888
2017-01-11,11.0,72.11111111111111,9.77222222222222,1016.7777777777778
2017-01-12,11.789473684210526,74.57894736842105,6.626315789473684,1016.3684210526316
2017-01-13,13.235294117647058,67.05882352941177,6.435294117647059,1017.529411764706
2017-01-14,13.2,74.28,5.276,1018.84
2017-01-15,16.434782608695652,72.56521739130434,3.630434782608696,1018.1304347826087
2017-01-16,14.65,78.45,10.38,1017.15
2017-01-17,11.72222222222222,84.44444444444444,8.038888888888888,1018.3888888888888
2017-01-18,13.041666666666666,78.33333333333333,6.029166666666664,1021.9583333333334
2017-01-19,14.61904761904762,75.14285714285714,10.33809523809524,1022.809523809524
2017-01-20,15.263157894736842,66.47368421052632,11.226315789473684,1021.7894736842104
2017-01-21,15.391304347826088,70.8695652173913,13.695652173913045,1020.4782608695652
2017-01-22,18.44,76.24,5.867999999999999,1021.04
2017-01-23,18.11764705882353,76.0,6.752941176470588,1019.8235294117648
2017-01-24,18.347826086956523,68.1304347826087,3.3913043478260865,1018.8695652173913
2017-01-25,21.0,69.96,8.755999999999998,1018.4
2017-01-26,16.178571428571427,91.64285714285714,8.467857142857143,1017.7857142857144
2017-01-27,16.5,77.04166666666667,14.358333333333333,1018.125
2017-01-28,14.863636363636363,82.77272727272727,9.690909090909091,1019.6363636363636
2017-01-29,15.666666666666666,81.77777777777777,10.294444444444444,1017.3888888888888
2017-01-30,16.444444444444443,77.55555555555556,4.322222222222222,1015.8333333333334
2017-01-31,16.125,76.0,4.625,1015.5
2017-02-01,15.25,78.625,5.1000000000000005,1017.5
2017-02-02,17.09090909090909,66.54545454545455,3.027272727272727,1018.9090909090908
2017-02-03,15.636363636363637,78.18181818181819,1.8545454545454545,1017.7272727272727
2017-02-04,18.7,77.6,9.82,1014.4
2017-02-05,18.63157894736842,77.63157894736842,8.099999999999998,1014.2105263157896
2017-02-06,16.88888888888889,69.66666666666667,9.044444444444444,1016.0
2017-02-07,15.125,63.75,7.637500000000001,1016.125
2017-02-08,15.7,68.4,4.08,1015.6
2017-02-09,15.375,68.375,7.875000000000002,1016.375
2017-02-10,14.666666666666666,71.77777777777777,9.066666666666666,1015.6666666666666
2017-02-11,15.625,64.0,3.95,1016.625
2017-02-12,16.25,70.375,1.625,1019.625
2017-02-13,16.333333333333332,67.0,6.377777777777778,1021.5555555555557
2017-02-14,16.875,65.5,6.9625,1021.375
2017-02-15,17.571428571428573,67.71428571428571,5.557142857142857,1020.5714285714286
2017-02-16,20.25,56.75,10.4375,1017.625
2017-02-17,21.3,64.4,9.279999999999998,1016.5
2017-02-18,21.125,70.75,6.25,1016.25
2017-02-19,22.363636363636363,66.0909090909091,6.054545454545456,1013.0
2017-02-20,23.375,60.125,6.937499999999999,1005.375
2017-02-21,21.83333333333333,69.41666666666667,12.341666666666669,1007.4166666666666
2017-02-22,19.125,57.125,7.4125,1012.25
2017-02-23,18.625,42.875,14.35,1015.25
2017-02-24,19.125,40.375,16.6625,1016.125
2017-02-25,19.0,50.42857142857143,11.928571428571429,1014.2857142857144
2017-02-26,18.75,59.0,11.1125,1012.375
2017-02-27,19.875,58.375,5.1000000000000005,1014.25
2017-02-28,23.33333333333333,51.66666666666666,3.911111111111112,1013.1111111111112
2017-03-01,24.46153846153846,47.92307692307692,6.415384615384617,1012.9230769230768
2017-03-02,23.75,54.25,5.930000000000001,1012.15
2017-03-03,20.5,42.5,7.4125,1010.625
2017-03-04,19.125,43.125,8.350000000000001,1010.0
2017-03-05,19.75,41.25,9.9625,1010.5
2017-03-06,20.0,42.44444444444444,9.666666666666664,1010.3333333333334
2017-03-07,22.625,41.5,6.025,1007.375
2017-03-08,21.545454545454547,52.72727272727273,10.263636363636364,1008.9090909090908
2017-03-09,20.785714285714285,69.07142857142857,8.342857142857143,1007.3571428571428
2017-03-10,19.9375,67.75,11.4625,1006.875
2017-03-11,18.53333333333333,60.4,5.566666666666666,1009.8
2017-03-12,17.375,56.625,7.637499999999999,1014.75
2017-03-13,17.444444444444443,49.333333333333336,9.055555555555554,1014.8888888888888
2017-03-14,18.0,56.333333333333336,4.522222222222222,1016.5555555555557
2017-03-15,19.875,54.75,7.175000000000001,1014.125
2017-03-16,24.0,49.2,5.5600000000000005,1011.1
2017-03-17,20.9,59.7,11.489999999999998,1010.7
2017-03-18,24.692307692307693,46.30769230769231,7.123076923076924,1009.8461538461538
2017-03-19,24.666666666666668,52.27777777777778,9.161111111111111,1011.8888888888888
2017-03-20,23.33333333333333,54.66666666666666,10.077777777777778,1012.5555555555557
2017-03-21,25.0,49.0,9.2625,1011.75
2017-03-22,27.25,45.0,10.187500000000002,1009.75
2017-03-23,28.0,49.75,3.4875000000000003,1008.875
2017-03-24,28.916666666666668,37.66666666666666,10.033333333333337,1010.5833333333334
2017-03-25,26.5,39.375,10.425,1009.875
2017-03-26,29.1,37.1,17.59,1010.2
2017-03-27,29.5,38.625,13.65,1009.5
2017-03-28,29.88888888888889,40.66666666666666,8.844444444444445,1009.0
2017-03-29,31.0,34.5,13.2,1007.125
2017-03-30,29.285714285714285,36.85714285714285,10.585714285714284,1007.1428571428572
2017-03-31,30.625,37.625,6.949999999999999,1007.5
2017-04-01,31.375,35.125,9.0375,1005.0
2017-04-02,29.75,33.75,9.2625,1004.25
2017-04-03,30.5,29.75,6.9375,1004.25
2017-04-04,30.933333333333334,31.866666666666667,14.32,1007.2
2017-04-05,29.23076923076923,46.0,14.384615384615389,1005.0
2017-04-06,31.22222222222222,26.0,13.577777777777776,1002.8888888888888
2017-04-07,27.0,29.875,4.65,1007.375
2017-04-08,25.625,29.375,8.337499999999999,1010.375
2017-04-09,27.125,21.125,14.125,1010.625
2017-04-10,27.857142857142858,19.428571428571427,19.314285714285717,1008.5714285714286
2017-04-11,29.25,17.75,15.5125,1006.25
2017-04-12,29.25,26.0,9.4875,1005.875
2017-04-13,29.666666666666668,29.11111111111111,4.944444444444445,1006.7777777777778
2017-04-14,30.5,37.625,1.3875000000000002,1004.625
2017-04-15,31.22222222222222,30.444444444444443,5.966666666666667,1002.4444444444443
2017-04-16,31.0,34.25,2.1,1003.25
2017-04-17,32.55555555555556,38.44444444444444,5.366666666666666,1004.4444444444443
2017-04-18,34.0,27.33333333333333,7.811111111111111,1003.1111111111112
2017-04-19,33.5,24.125,9.025,1000.875
2017-04-20,34.5,27.5,5.5625,998.625
2017-04-21,34.25,39.375,6.9625,999.875
2017-04-22,32.9,40.9,8.89,1001.6
2017-04-23,32.875,27.5,9.9625,1002.125
2017-04-24,32.0,27.142857142857142,12.157142857142858,1004.1428571428572
2017-04-25,30.252355780875,31.558836355692456,9.670238639087952,1003.2926624522912
2017-04-26,31.31744890857944,29.59348695410988,8.776625632133161,1000.8069380116141
2017-04-27,31.991739420677742,28.327627793144487,11.578325846977627,1002.0793354361423
2017-04-28,31.577516578864433,30.508030103670635,2.9433178784600287,1005.7768869166226
2017-04-29,33.65141667796376,22.74931315677445,9.97492402383707,1007.8244726550782
2017-04-30,33.228163781415034,36.760827775460115,7.799463186964312,1007.9527201009888
2017-05-01,32.91723977802236,32.77593835497888,9.148098309057358,1007.9174861080244
2017-05-02,31.50627513012681,26.9494086498805,9.319270135117955,1006.3895787754648
2017-05-03,33.990400423821114,26.33735793299523,6.208611758331877,1004.3659084174328
2017-05-04,33.24783913246599,30.42529248176429,0.6685535143538743,1005.3296745500761
2017-05-05,32.992514618546856,35.99026844389963,6.741225829197453,1005.2678050712509
2017-05-06,33.57866507983411,23.706522316515855,7.559603699113429,1004.1713733440548
2017-05-07,34.200575604672714,26.854858766193026,3.033127890397025,1003.1689166678003
2017-05-08,34.54421994242502,24.57932419883542,10.544586199797314,1000.6134965465142
2017-05-09,34.43771809663024,20.89273701957193,10.194674542651105,999.236069642706
2017-05-10,35.174522183135984,20.438909666479837,10.356906313322169,1001.6983759497549
2017-05-11,32.439099801604264,30.989469939371247,14.36792940259646,1002.299815812041
2017-05-12,31.318656476278502,33.267795098534876,8.061129420459022,1001.1749896723916
2017-05-13,29.27911515767861,33.036096802976154,14.402292421955645,1004.6384878802326
2017-05-14,32.13703646194675,31.789066728950612,9.98574400200161,1005.480693110802
2017-05-15,34.10121395522234,33.160102707557485,10.421255088838889,1002.828561645511
2017-05-16,35.36672695607675,29.573075251460576,8.293812642073,1000.1208710172193
2017-05-17,34.61111221720045,28.388221429341684,11.796791398051855,999.1013944184348
2017-05-18,36.348197009789196,24.676416692305203,10.479411650383277,1000.3724800305332
2017-05-19,35.47306832816553,31.084140340675166,10.96515897523884,1001.0519386565584
2017-05-20,37.27640383204613,21.97201464351661,10.310478945719906,1001.4878638812895
2017-05-21,37.40163266168779,25.710980314103146,12.487080569839563,998.4988002542469
2017-05-22,35.27878373012499,32.00224129839544,10.113878901981728,1001.0269878913597
2017-05-23,33.8912787176631,34.20083296485576,19.14217190254447,1001.6101270300047
2017-05-24,34.03923811897446,34.055775073322444,8.413523460084491,999.3548514052243
2017-05-25,35.906347089991336,41.694709877616376,4.68363723198917,998.0189707147388
2017-05-26,34.39041010969276,49.178526492994294,14.604583473174689,1000.2369140063718
2017-05-27,33.11248892154729,46.597652379671345,8.966796860250563,1002.8693992924359
2017-05-28,32.1964278055532,35.091834556422,12.349078706785193,1003.1364395371377
2017-05-29,35.09389626226263,28.624972908079304,10.835229355715859,1001.4282717270644
2017-05-30,33.08703565665232,36.14401090030768,14.164695673345415,1002.8958916595246
2017-05-31,33.41531321909173,39.418575914190214,13.276850661648945,1004.6585580450076
2017-06-01,32.79461184731677,44.8879166882039,10.490603970269472,1003.2990964634297
2017-06-02,34.83730672690882,40.034115392144194,10.592083363728944,1001.5901253507577
2017-06-03,31.257950896181683,56.48764346865072,8.911435456245075,1002.520383091783
2017-06-04,34.505002111732395,45.62393548838694,12.25091971599839,1000.2567967106705
2017-06-05,31.740527430549058,54.61230411654841,10.23334454311158,997.8360181750097
2017-06-06,33.147339219999616,49.431476772672326,6.300237804947235,999.2340053314748
2017-06-07,32.537385956204965,48.31858261375864,9.408757432538323,998.9601641827829
2017-06-08,29.573207601427757,47.962213970481876,14.327617597358373,998.1952595193592
2017-06-09,28.93443833877556,49.813139023122815,6.630529888227528,999.8149441393548
2017-06-10,30.524980045793562,47.40448220352811,10.291591898486175,999.5613503750014
2017-06-11,31.292496640618218,41.42276946200448,3.9832885203196486,999.4830711520426
2017-06-12,31.769276405957395,44.14957490106438,2.4272097899215854,999.0240376295797
2017-06-13,34.37972009701369,39.87850661456328,8.100142011583499,999.009395992056
2017-06-14,33.14485878172457,47.52964053039734,10.30356602589821,996.9785696967461
2017-06-15,34.76617992832045,38.47951673056795,7.104005637085037,995.5179880883479
2017-06-16,31.996066547829404,48.823117412660324,22.326611308451774,995.0158373471155
2017-06-17,29.886818094091304,57.49442178750137,13.931640206400935,996.2458735731541
2017-06-18,31.058790670559283,50.24404619736512,9.371740726909588,997.9226178513528
2017-06-19,31.46058667850967,67.93508462257373,0.0,999.0526246442334
2017-06-20,33.50137821850465,63.72730097911993,8.527560051019535,999.5335289657098
2017-06-21,33.01908197397562,57.635808391193315,11.724196958817672,1000.0587450518525
2017-06-22,33.64199985440995,56.72515875541558,7.5286373915894895,996.3148804546411
2017-06-23,34.31855078941238,42.93255752017119,10.90890080721189,996.0106652725435
2017-06-24,33.903108864119446,40.305543988333525,10.949482327085875,995.2144330643846
2017-06-25,35.12167084471733,36.116490804995465,10.078984679846608,996.4222969321737
2017-06-26,30.751480389156292,56.33471576045519,8.992078723163164,999.03915585808
2017-06-27,28.533321179460312,72.52651388297312,9.266906234848022,1002.2660056874222
2017-06-28,28.038366015980777,78.1284211260485,3.052373283561411,1001.2998831506426
2017-06-29,29.34607634773757,66.36111601202512,5.949002049020244,1005.1488003800221
2017-06-30,32.851774136360625,61.5628290203443,3.3849058708348467,1002.3398193781801
2017-07-01,35.61687728140513,61.45121171194203,7.10751934316026,998.8617544659836
2017-07-02,32.65197757230102,73.51239449038673,6.142214992109814,999.1393273639089
2017-07-03,33.12525817894488,71.44717545240802,4.845746396843286,998.8266403035873
2017-07-04,34.75577710376952,71.39990281168377,9.503351379148398,996.8192855320082
2017-07-05,31.666846610191662,86.5954903049817,0.0,997.1265898810943
2017-07-06,32.36247276840842,81.98111085853644,1.769011864686708,998.0256571585949
2017-07-07,33.368938833064,73.52691125767367,10.086231984010151,997.9021363437796
2017-07-08,31.550271314399414,78.713351463967,9.184573345306957,996.7009104736012
2017-07-09,32.45012166568591,68.85879088760291,6.917183850203169,995.2447172464757
2017-07-10,33.402181637278886,68.6508443684866,8.549015087258558,994.2417814754702
2017-07-11,31.064305629421213,73.6349946830347,6.673116395484021,995.1140302599123
2017-07-12,30.841944380058347,77.91429581116655,9.642685420285662,994.5941374307328
2017-07-13,30.51650209874864,81.25489467392134,5.949909574503936,995.3821459537287
2017-07-14,27.819235568468883,78.87657786780575,8.6754240946055,996.862677687732
2017-07-15,29.724669122391933,65.59401188882457,4.949145516037925,995.4423956317465
2017-07-16,29.963896297408603,71.91683128204974,8.643910134969145,996.737919382578
2017-07-17,30.95147987715381,72.74199719334236,4.876302756534167,996.2535391198076
2017-07-18,32.691693662409165,66.95501754059758,6.258565943936903,996.2620915138414
2017-07-19,33.50590863804211,62.93049667458582,9.523342956549477,996.5218568883372
2017-07-20,33.567530068951335,62.261786116992376,10.34827895403772,999.5804027063537
2017-07-21,32.28079998453206,59.033218370535245,9.204377190135727,998.5761439629221
2017-07-22,32.129081178990866,67.9987166227594,7.365786154337453,998.8435873500673
2017-07-23,33.04737876707296,70.09626132649716,6.20336706656879,998.6109453662262
2017-07-24,31.163900245896382,76.53654678913571,12.160187314128764,998.6294345431307
2017-07-25,30.555642751166694,80.09879824273311,6.704194741377395,998.3843537292792
2017-07-26,30.32281202132295,78.43046259047765,3.924349417930485,998.256731791833
2017-07-27,30.802614092719043,88.1772731176608,8.350818035374257,996.1210876865459
2017-07-28,31.983011651295083,93.1954846312046,6.488873028949363,993.9241644959266
2017-07-29,31.807024080024114,83.04925080853799,5.129838166435526,998.0073389170543
2017-07-30,30.27646645355844,72.50845877588742,9.212203742819344,997.8621163343109
2017-07-31,28.312405897538557,76.87516649249301,5.82180452964772,999.4720683834204
2017-08-01,30.955184223801915,65.7208329410977,15.13804452830162,998.045462485499
2017-08-02,30.540700837941788,56.733804456956534,17.04765326587542,997.3131876159249
2017-08-03,31.946679329551646,48.122056050412006,10.925806194285524,997.2829907318278
2017-08-04,31.20587971939942,52.08645024263346,12.091894803196128,999.4239597016799
2017-08-05,32.2228284192244,59.00958486648578,11.193569082434479,999.3751745319438
2017-08-06,33.9775356767611,54.10961482111989,14.909597759914305,998.8153822498717
2017-08-07,31.966937690898323,72.50333829006541,9.096327463535248,997.5440476321667
2017-08-08,28.27437139865527,90.1089212515531,11.222334957052864,998.3505805936175
2017-08-09,26.61087700396501,90.06873228139193,11.896428013687583,1000.3369156036455
2017-08-10,27.990810539810937,90.72054088747177,0.6538473756652738,1003.8175861836363
2017-08-11,29.629403156021247,84.32249049616742,7.321432096439231,1001.6724591327445
2017-08-12,27.53431508778416,92.8507201225927,0.014459249176312916,1003.6654446464702
2017-08-13,27.036331452049467,88.21512629957176,3.6797118634250046,1006.3766502357508
2017-08-14,30.175152241137912,72.38478473983729,10.153017084350067,1004.9323474992445
2017-08-15,29.93336812901173,68.1580007524114,5.085446873018778,1002.8843762679354
2017-08-16,31.638869722511462,61.26068819899601,9.845054723178412,1002.5712083061718
2017-08-17,32.48369575156606,63.15467259985835,4.969446774698373,1003.1624150274743
2017-08-18,29.583454512706865,80.55176719880403,4.537657138227784,1004.0111932447275
2017-08-19,30.052127275242167,76.31490664878183,5.114175936795694,1001.9695912695693
2017-08-20,33.04574502947829,70.51577158958001,5.253498552934918,1002.4907565967917
2017-08-21,34.79132331061065,61.46966149470211,13.807036534334022,999.6469347361377
2017-08-22,33.68261895550671,69.72641965912814,10.840559181364162,994.6094310121404
2017-08-23,32.27192462007073,69.49649263385128,4.969009388743506,997.4862809101404
2017-08-24,33.523016935587755,61.46592458548919,3.236409983907472,1000.5862334811302
2017-08-25,29.257126882737044,75.75379868185985,8.45756982567201,1001.5225698652631
2017-08-26,30.318208220143216,72.22883411491809,4.382803379933027,999.3396288996935
2017-08-27,32.346825843362126,63.841149363342474,6.803120774506508,1001.3253540966855
2017-08-28,28.816312988322043,72.81118574154405,13.704268272401336,1004.1782695948878
2017-08-29,30.446262173706813,64.23099595323585,8.331526129236998,1005.3280015090212
2017-08-30,30.818721283597053,64.89580399497476,4.634937011398362,1004.5889634654307
2017-08-31,30.403727352162736,63.17631724546473,3.2234365454941845,1004.2595946542642
2017-09-01,29.7499514769024,66.31733029772668,2.090535302878612,1003.3692313619708
2017-09-02,30.814657271517603,53.42133312304305,9.454986496953746,1003.2651138476092
2017-09-03,30.752931511350063,48.95938874811349,3.1300576831295412,1005.2269217732355
2017-09-04,32.8442692894365,53.86187075914552,3.1392700755805656,1004.9754761580334
2017-09-05,32.49307828215196,57.67161179593377,1.363535841958618,1005.2012786598472
2017-09-06,34.49610824855946,52.95238252612376,5.431263930451526,1003.1669551278638
2017-09-07,31.998201745591206,62.91807522799534,2.14175296432066,1001.4841278958619
2017-09-08,35.290860338265816,43.769350000713125,5.8273777282603305,1000.1735443142235
2017-09-09,33.84033086052433,52.19830712381119,5.821579540285039,1000.9372013724441
2017-09-10,32.50203089956108,64.18599330130253,6.964297402194722,1001.9094548801239
2017-09-11,33.356900325577264,60.54335200340167,6.020635281672907,1002.2510066918469
2017-09-12,32.57105000580645,64.90261627082825,14.660876099185195,1002.0375758471199
2017-09-13,30.464456671816748,73.38059451826466,6.642558215585311,1006.3799120876846
2017-09-14,30.869627981045497,54.65546819040775,7.515632803791583,1005.8368799053924
2017-09-15,32.97125717280041,57.3080869945093,7.33531172756984,1005.3840644588493
2017-09-16,29.922827141504047,62.48533596658014,9.209749973961664,1006.9217025491506
2017-09-17,28.045192660975044,62.3227674539496,5.865627355497012,1004.9848878564501
2017-09-18,29.06711676793389,62.10817976842478,7.0891584437335595,1005.8768336433999
2017-09-19,29.16617978732669,68.04615184053861,2.327886983649372,1006.5406902776436
2017-09-20,30.156717450907976,70.35808858501304,5.329484834621331,1005.5453969277223
2017-09-21,30.065715718519893,66.05655995593051,2.362255157313159,1005.925762866116
2017-09-22,28.791144872822276,68.62689630962714,1.1965443756979894,1004.5790195089669
2017-09-23,29.077912081318438,69.57561488846761,11.119148870823732,1006.6666021976387
2017-09-24,30.811182089342932,54.5568529578355,15.289143936074497,1005.9120524636425
2017-09-25,31.526778076200113,57.80640574644857,5.400482948133473,1002.6626561890276
2017-09-26,31.031288475199915,61.20475861120221,8.177642461135429,1002.5310700171079
2017-09-27,31.057432653369762,55.4076814417836,9.694072619225118,1000.4137288824941
2017-09-28,28.463405479879118,67.97896286231597,4.116119300050553,1003.91765605303
2017-09-29,25.815656360066424,65.03293149699468,9.005141273333006,1007.7648933596178
2017-09-30,27.629862615087283,58.73037348914532,6.039807860774412,1010.9520199573838
2017-10-01,27.46752249036112,64.75151210318884,5.088551752351387,1013.7093312982215
2017-10-02,29.205420310716985,61.43194034333301,11.54283117473674,1013.7651436611498
2017-10-03,27.795622983862675,59.27396729598359,6.451865745615396,1015.9794021544021
2017-10-04,28.333314475082826,55.83590838231012,8.944501026222166,1011.1461562601015
2017-10-05,30.731977002798686,55.007177370244634,2.695179630375237,1005.4132649375889
2017-10-06,30.722507525624454,58.77183667727944,4.13842857486298,1004.8409364477748
2017-10-07,31.373159500287485,54.760827853275806,4.048419102673722,1005.95445043298
2017-10-08,29.524929353265012,50.1601649044411,7.054038054274707,1006.6290310499289
2017-10-09,34.18717439157076,31.516680731723326,14.472857332199254,1005.8708947783559
2017-10-10,32.41598911817568,38.16179194354653,8.787520772654572,1008.8965090925548
2017-10-11,31.300522810403308,35.715150704000514,15.183508911078736,1007.464463736698
2017-10-12,29.009080838587206,46.296992796997564,4.511724189133913,1008.2644373817257
2017-10-13,30.150349440854015,40.3597438450208,9.185724091508579,1009.0643488497947
2017-10-14,27.040807835842614,50.94279667771883,8.02534239094166,1009.6842408847439
2017-10-15,28.796394818352695,44.26554771275411,9.59577202716488,1008.9132404564131
2017-10-16,28.897516746762555,51.018282899383784,1.8805967110692765,1008.0210335498969
2017-10-17,29.773357091946032,50.9110366053291,8.344073706826652,1010.0228220048714
2017-10-18,27.67032095831518,41.94366398132507,10.47294128433927,1011.2516353091517
2017-10-19,29.03338520734925,29.21004616688643,16.785314583097986,1010.5263946251823
2017-10-20,27.297422992630807,33.57398504877422,11.75313192159151,1009.8565087884175
2017-10-21,26.721182559349913,41.180440501655106,7.666415686831443,1010.5894171598778
2017-10-22,25.17024544791546,47.760604991149485,0.0,1012.6061412444893
2017-10-23,25.122553643892832,50.91864903181692,1.883615126788404,1012.6108605203482
2017-10-24,27.14326897894415,48.943293051403074,1.4384416560920332,1012.2249069860654
2017-10-25,26.947397226806597,55.310042961122114,0.0,1010.3582130332165
2017-10-26,26.33801974041798,59.76311647150114,5.288884793755579,1007.5263422141898
2017-10-27,27.713922838472026,45.940204671122025,2.163405190780926,1008.3853431573225
2017-10-28,27.182778695344027,52.74622798851036,1.7785038013872558,1009.9186596040739
2017-10-29,28.241614218077093,49.77204161554648,0.0,1012.5626040636292
2017-10-30,24.756931568179443,45.50173216392304,8.53085685783006,1013.0112562997126
2017-10-31,22.68575219277632,50.0730015459622,7.048164126716413,1013.8013543478933
2017-11-01,25.202087477322515,48.0417309984085,6.23564591402007,1009.9149951109299
2017-11-02,22.05440382382718,62.24358824357811,0.33617257122179556,1009.4944725262973
2017-11-03,23.729095378787214,57.73462062025145,9.795577984788505,1009.5546905739722
2017-11-04,24.100752766085186,65.4548356127381,8.778380421142689,1010.7224493533943
2017-11-05,23.724406737024225,60.39182292959139,4.7427858145966955,1011.5180021554057
2017-11-06,23.080113811809152,60.629442066666456,0.0,1011.567627374695
2017-11-07,22.16896313990256,65.37828069443472,6.0209611060689365,1010.9838186228809
2017-11-08,22.600898412389373,63.38696167760671,0.0,1010.8601482852781
2017-11-09,20.815689610428713,64.31370707824583,0.0,1012.9448899773033
2017-11-10,20.89089257989083,62.04902546341256,4.5979682518695295,1013.6867392244307
2017-11-11,20.51234953129382,68.84923245538424,1.1434999367289054,1014.2953842605543
2017-11-12,21.889028957746614,64.45050263963815,1.638297800770503,1014.2555146404292
2017-11-13,20.852885584149497,73.76068394328203,0.0,1015.0859963439785
2017-11-14,21.586656065877765,82.46127737167822,0.5574459922063513,1014.6565006266991
2017-11-15,19.90271550625055,81.65978035677898,4.643596730114078,1014.0470958787805
2017-11-16,21.785376546951728,73.13764821308145,9.822110703234259,1010.8782674543245
2017-11-17,22.516944027753254,70.22080303242822,11.436682039556276,1009.2676716320982
2017-11-18,22.01027136579322,66.87199807797863,5.591175332834725,1012.8182019301103
2017-11-19,22.054024478066687,57.6587757979683,3.2760370803483436,1014.0444387520462
2017-11-20,20.71161542402091,70.08009110489581,0.0,1013.6867551574998
2017-11-21,19.386903354518598,69.40424387664316,4.280843612853483,1015.3720672827562
2017-11-22,16.601563568102343,68.56578930859231,5.762983551220849,1014.2740283047308
2017-11-23,18.01988854353521,60.945483719846166,3.213042463530772,1015.3036075945076
2017-11-24,19.6890684695606,58.71835515262363,8.769142419320515,1013.8327570063975
2017-11-25,18.878858011430587,56.60875600026375,7.8042866568388725,1014.2798974092534
2017-11-26,17.923017089540746,59.715772661816374,0.0,1011.8270342307551
2017-11-27,18.68540470795876,57.15476922054973,1.550885957011984,1011.6730113823587
2017-11-28,17.74020189295093,66.59699512567497,10.03716881112812,1013.673050832793
2017-11-29,17.214798630003504,56.71163190462304,4.245671580607475,1013.658565952083
2017-11-30,16.364718678624143,54.5922810602081,6.008754034178598,1013.8116818400828
2017-12-01,12.669259300110852,76.14790280258163,0.0,1015.4637643095353
2017-12-02,13.55446975275837,79.72306790407612,7.092040836124709,1015.7424965236012
2017-12-03,13.214816686484667,83.12874824321088,6.964503327195766,1014.9939128850359
2017-12-04,12.735474938779378,88.64051420780586,6.628829129766896,1013.5704369231196
2017-12-05,15.167769192763222,83.3552996115055,4.064069874660833,1012.9777350540313
2017-12-06,13.634232895475684,83.69512735849378,1.1771409880688193,1013.7152254326535
2017-12-07,12.358801824566353,79.90953805526752,2.6085545555132605,1016.5983787882177
2017-12-08,11.356400364373137,81.18595491405993,10.613718390435508,1018.0882377736795
2017-12-09,11.132915262132745,80.31715221105719,10.685735185169692,1018.3837916399981
2017-12-10,10.894950198438574,82.24495509413399,4.895777231437636,1019.0419181468834
2017-12-11,11.971619084022555,86.70347437354695,0.0,1019.2746891993653
2017-12-12,11.478378983683122,91.51370053055531,0.0,1019.8311365294684
2017-12-13,8.965714207107553,96.91233216038216,0.0,1019.688008802279
2017-12-14,13.476491832319184,76.18751169450118,0.0,1018.1371254031577
2017-12-15,15.287563976727442,68.50270860035728,5.04158095574175,1017.3280107337221
2017-12-16,16.51395207548145,61.18626975996503,9.53155342779892,1015.7875667313828
2017-12-17,14.005158879199893,78.2412120121143,0.27969040399041045,1018.7257192303764
2017-12-18,13.950834115637019,76.14287859221314,3.2521003663306827,1019.1619309029919
2017-12-19,13.809997481957739,66.11913513500403,10.777899731632576,1018.0110267670003
2017-12-20,13.157599157243379,70.04991606524973,8.235623973409169,1016.6070578063974
2017-12-21,11.907290085775328,76.97471348877338,9.19539458526631,1016.188852959944
2017-12-22,9.965093058192805,76.09766269632404,10.48275509751334,1016.7601649083525
2017-12-23,11.945648037037913,72.95519235001191,0.892866103325995,1017.3742937669596
2017-12-24,13.360055273145035,80.2039193272576,0.0,1019.509141623123
2017-12-25,13.020398269588261,74.90866654663668,0.0,1021.2386927767608
2017-12-26,12.052517827301871,78.83536779033736,2.3402499639281453,1022.153831359747
2017-12-27,13.031878450938619,76.2886463330255,0.0,1018.3387257453643
2017-12-28,15.849808596646616,75.24223089370963,3.204199174638423,1017.7287530609722
2017-12-29,15.395347254598349,75.02922187694122,1.9138178596535447,1018.9650025757411
2017-12-30,12.179862371394766,88.09603966717384,4.6515263127091275,1019.8340173644148
2017-12-31,11.78510351710476,94.54994752962155,6.1202360103583855,1019.9121196039348
2018-01-01,11.424998945854114,95.30185263881616,4.9419260704716965,1018.05189187645
2018-01-02,11.74159878405198,97.69277460419727,1.0151117533545664,1015.990401781572
2018-01-03,11.289111395731915,100.0,0.0,1014.2153185413202
2018-01-04,12.230056876390035,94.62205514566574,0.45252284986718205,1015.1109791077553
2018-01-05,9.791342478068621,91.47122113233267,1.3230357483825044,1015.5535238015509
2018-01-06,8.72297083907808,97.60484269900914,3.7089761311939347,1016.8453219794219
2018-01-07,10.979195057178462,95.24832838702073,0.0,1018.9261467430506
2018-01-08,9.179254550269778,93.70582462320883,4.333169218120851,1019.5506939023949
2018-01-09,11.001967301940036,76.656846317012,0.7762565606830858,1018.1593632900178
2018-01-10,10.737412927630924,88.01895733096705,0.6062848985164644,1016.8688684428014
2018-01-11,13.604287893795606,85.1997464425211,6.250825575340038,1016.6372630026601
2018-01-12,10.803450776464668,96.32561454904598,8.53926170377499,1018.2090477604421
2018-01-13,11.29087688063653,93.63542490973045,6.106447114554871,1019.7701937927046
2018-01-14,12.22194403135639,89.07798170966117,9.558558829336745,1019.2118170976527
2018-01-15,14.864912213215918,90.45024431298495,0.0,1018.0532124393042
2018-01-16,13.744599052048176,84.8962187956244,0.0,1019.0393456284929
2018-01-17,13.809779337565098,76.79516044917597,5.95785904633569,1018.4877421991858
2018-01-18,15.142191450687564,75.61241676042664,1.8101818677553938,1016.7969215134203
2018-01-19,16.85081419367595,64.92123243748524,4.852348819882008,1013.667802771974
2018-01-20,14.365602288302803,65.40129355393488,5.627018791822782,1013.3953967340991
2018-01-21,14.26204467782688,69.62846907694228,7.982037561347843,1012.9639383296534
2018-01-22,14.507898446683402,69.8970954481196,6.215190696325614,1014.2442670555591
2018-01-23,14.159617837592911,77.12396022755198,5.710522756972529,1014.75859109043
2018-01-24,14.964623837012434,76.82000039371842,0.0,1014.2149490878609
2018-01-25,16.24190986275368,82.98228418961523,0.0,1012.3644736788814
2018-01-26,16.803956240855445,90.32228587025585,0.0,1013.1994989720749
2018-01-27,16.199274226109353,83.34085412434943,10.977493726601082,1014.5327007632364
2018-01-28,14.18733540097057,86.55039395811686,9.61965104865089,1015.4323928880735
2018-01-29,11.029425149414594,100.0,4.211654781117759,1016.1826338920835
2018-01-30,12.341841303736867,100.0,7.606817832324246,1016.7735396044077
2018-01-31,12.474471289210742,100.0,0.0,1017.6369368505933
2018-02-01,13.159651822898889,97.64002154270824,4.209092562478574,1017.31971633562
2018-02-02,10.787704278946812,100.0,5.288912170413128,1017.7140916678588
2018-02-03,10.895716491043729,100.0,0.0,1016.9302698254066
2018-02-04,12.001699615816015,91.51638835408122,8.49475266444209,1017.1732244289465
2018-02-05,13.574559225532346,84.59296481366606,7.099352922340371,1019.4966265167111
2018-02-06,14.151511525796856,92.79698328504395,1.4068775070019193,1022.2587263178033
2018-02-07,15.990575418236563,82.42819679488831,0.0,1018.4153381310459
2018-02-08,17.395791877324335,76.17848112928752,13.570141554053187,1015.5494190167377
2018-02-09,19.638199694356278,58.67532927618191,20.432889504848173,1017.0842753414473
2018-02-10,16.963393595368032,71.52867357142775,20.061943244102295,1015.3697019406828
2018-02-11,16.383496910879085,77.15826723514685,12.748021335238313,1014.1636055238313
2018-02-12,16.32203313351385,77.08311327353171,7.543428606219764,1015.853235556221
2018-02-13,18.712926970476342,62.29960698428522,8.54166949194445,1017.8802221558445
2018-02-14,19.687432701509422,66.64642662591666,13.31943559478407,1017.2827153422893
2018-02-15,19.556187624450065,62.35523018698511,13.321281948639292,1017.829724071731
2018-02-16,20.134005787034187,67.77769392107585,5.414665648297489,1017.80666466544
2018-02-17,19.034066072885153,64.74401144927909,8.071954526205118,1018.9944051925619
2018-02-18,17.593420362995275,64.38331529994606,10.115083371303392,1017.1709854438126
2018-02-19,17.49581012187478,65.25096149313397,6.423745586942336,1015.7132109778556
2018-02-20,18.12027665629673,66.46387939200528,6.69633952457472,1016.555607146832
2018-02-21,19.196802577586652,57.41561704547693,14.845272065257081,1018.0825646303589
2018-02-22,17.95800226986683,54.61138456545528,14.224046234988334,1017.2147085226995
2018-02-23,16.318532647656316,51.59620514194726,11.294053639886021,1016.3840565514702
2018-02-24,18.284777427254962,45.20898784316701,11.158757208309979,1014.3479826872784
2018-02-25,18.9735167722214,50.362574579249284,8.123003729101017,1013.9643227317121
2018-02-26,18.7423315647726,64.0427428876701,14.121411765339275,1015.7574728488858
2018-02-27,16.33939660069609,66.0284357340028,17.915058315833534,1016.2632719489858
2018-02-28,14.393493488222163,76.15400255962187,6.127825961323136,1014.8556368913524
2018-03-01,17.30816747731575,69.3489985511342,4.975359914247201,1015.7787668913065
2018-03-02,19.783843350851587,62.92397612547588,2.1470434275153956,1015.8390973017378
2018-03-03,19.71251126175005,64.21214020265258,0.0,1014.5616026843046
2018-03-04,24.22591997344365,48.784867638121455,8.592317240058403,1012.1748817419165
2018-03-05,21.08529302147161,66.8750513579777,8.117352863490458,1013.4074439546504
2018-03-06,22.092380123761235,69.20820662101147,6.856277686586111,1013.3477518244584
2018-03-07,23.064550186309585,68.35091250586431,1.5178126149400741,1013.9049326032996
2018-03-08,23.43644340739682,61.42674835970275,11.092491784164743,1011.8034202243167
2018-03-09,24.77028660613105,52.43040966159111,9.465585938025406,1009.3941786918972
2018-03-10,22.05887516472039,72.25856343145534,7.596884237358476,1010.2957604954901
2018-03-11,21.809517799679547,69.44310185073181,6.014140052313703,1009.7726777265206
2018-03-12,21.530641066295534,58.51440772435749,3.0946091020423196,1012.6985283972588
2018-03-13,21.282792958135804,45.68813657685985,0.4132540479447071,1011.3902980429109
2018-03-14,21.829956891825994,46.54296104628217,9.487417461354669,1011.2266225487654
2018-03-15,21.166358176916503,55.90641216787835,6.076702016578815,1011.0868926402151
2018-03-16,23.033606043538317,51.45284951169016,10.889673192723915,1011.7579276943
2018-03-17,22.775454962329597,56.34824176591719,4.751699193859791,1012.0604110408672
2018-03-18,21.30304457202643,63.80247526902201,6.815881936344738,1012.0211201143173
2018-03-19,21.946817955359478,71.01022449352857,7.32453636424726,1012.7950109079328
2018-03-20,23.62744292292017,58.542421758304535,6.6002790100560516,1013.3131667946184
2018-03-21,23.10350746975249,56.51713600650942,9.610238426394162,1012.8057745798832
2018-03-22,23.64665454405965,53.37692812727613,1.0341196596644613,1013.4772964004202
2018-03-23,25.121277094143185,43.02848193208824,9.34171010597211,1009.8542983262982
2018-03-24,25.413614035804812,44.241158495941605,14.649941196803042,1008.984140801015
2018-03-25,25.65871919668252,41.33308316676366,9.651720457948226,1009.4390970570684
2018-03-26,24.656224538931937,44.010200303290866,8.624519069141297,1008.7105158852569
2018-03-27,22.095322762806628,50.24771493248367,1.5533016148050534,1012.3492099128681
2018-03-28,25.879342309547265,36.3383347545245,6.763163424066644,1014.5977010735043
2018-03-29,27.308774342004057,43.99813026292055,10.452575951431418,1015.7982256531009
2018-03-30,26.750497148314132,41.99840529229938,10.343885141538168,1015.9509077668179
2018-03-31,27.93015886659302,42.19441334192723,11.375285879101344,1014.1222647852921
2018-04-01,27.72056468202099,52.94457695470882,7.048756690486787,1012.8354051017889
2018-04-02,27.013821516992845,47.5768978540453,4.293119509377482,1010.6201116285263
2018-04-03,30.377344081649476,34.11058410966254,3.2728877410755937,1007.0012984111167
2018-04-04,28.108016063544202,32.87577153764012,12.097551702491613,1006.385937845453
2018-04-05,29.39907509829215,38.72360083255855,8.195411942554934,1003.9347931543617
2018-04-06,27.708615428852152,47.37801305774025,8.17478724324501,1002.2699878763967
2018-04-07,29.087433825077497,45.58669672907829,5.479702642739946,1003.1565814045614
2018-04-08,26.375680860414118,59.820289839712025,5.856214670389404,1005.8493562232471
2018-04-09,30.06576337704798,42.87738003772789,5.292001589610731,1005.2320564868755
2018-04-10,30.526061424568347,35.052164963569346,11.470072211534594,1003.5810389853211
2018-04-11,26.8930688796557,42.524546901991,6.40215061518805,1005.8042502547816
2018-04-12,28.3414491635554,36.348617762601904,7.693388062069198,1004.4878459266928
2018-04-13,26.25879098619369,41.452002112975855,15.879894574157765,1005.6619191105916
2018-04-14,27.26780937812432,39.91257903415959,11.733479112217296,1003.9399326571236
2018-04-15,27.65012309449683,44.62908473524806,12.393483332701756,1005.6059323323633
2018-04-16,32.04750442838888,34.53190451165643,3.384475130211687,1003.6269224859561
2018-04-17,31.36191249830012,35.401435326835255,6.4195714630016445,1003.189232054185
2018-04-18,30.12250184481149,41.06998932051757,5.606207867154652,1004.1013045692139
2018-04-19,29.79032930885368,37.86012260216644,14.210885816148842,1003.7344820497956
2018-04-20,30.21636486994491,42.4093956719748,14.556681934678071,1004.7246296445513
2018-04-21,29.161257252231568,43.81937282489671,7.303577044269212,1005.9088100423328
2018-04-22,27.060554399582728,49.33942574119699,6.865102813146318,1005.3195138533445
2018-04-23,29.431119594511756,47.423159662261824,17.13932886407715,1005.3151657190773
2018-04-24,28.872431263000504,51.51293163338845,11.300803700236088,1003.5064871444064
2018-04-25,30.813460363831013,45.45704376271499,4.522048142657645,1004.2857116710055
2018-04-26,32.1055852573355,38.695668136378224,10.420000265668815,1002.095521339185
2018-04-27,34.3476828241435,29.318808801652537,12.98718354657479,1000.5001981156944
2018-04-28,32.55035266055162,30.421951040805595,11.225176241808706,1002.0371411629494
2018-04-29,32.29435433984732,29.07073383297477,12.265802557482795,1004.3985586260374
2018-04-30,32.989127931013996,34.99856685643602,8.55619324579507,1002.7292999275741
2018-05-01,33.42342436922879,38.24107421861496,11.792170548829763,1005.49877542173
2018-05-02,31.496549660048316,26.069360620299825,16.45058341508387,1004.8661097858767
2018-05-03,31.14902558113028,21.037981337062135,14.07207536023994,1001.0252066426439
2018-05-04,29.26085010601755,40.33845284181658,12.962855698856924,999.7225904500336
2018-05-05,29.192876005661162,44.97607382205168,5.965617280534871,1001.9319371391488
2018-05-06,29.938229004810186,39.97114785180718,5.9653343263432195,1001.6200899301963
2018-05-07,29.680211281333847,38.995533936154956,13.38995892037816,1003.8703554254305
2018-05-08,31.594641761303684,30.200333444640755,4.417380562611961,1004.1321847398632
2018-05-09,27.984841125801566,42.28368011079368,8.23201358955488,1005.0168245215967
2018-05-10,28.982741493707564,47.44673587710144,9.048303208738078,1005.5570416494468
2018-05-11,29.90977508931656,42.49395228524887,12.290643603303227,1001.5322427317849
2018-05-12,33.38282794766494,36.75493091626387,6.108460186186338,1001.3353099077767
2018-05-13,34.369758483985386,40.37349013288191,7.096867992652332,1003.1356711350052
2018-05-14,35.915666384832896,43.30397092862614,6.087700914783462,1006.1960272155499
2018-05-15,36.47899806049989,42.9687466174911,14.962915448843386,1003.3973982349916
2018-05-16,35.40237344345732,37.647100334524666,13.679006706311414,1003.1162110046826
2018-05-17,34.02118238700794,42.34941162076754,15.114486933363793,1002.9450303582821
2018-05-18,34.61539664397076,33.3175756466977,9.03948525859181,1002.2720574788036
2018-05-19,34.940805369780875,40.21137189119329,5.874129834174755,1000.0435069765159
2018-05-20,32.847768655391626,39.59702916048657,5.027033317800783,1002.78011697419
2018-05-21,32.06567551855978,41.650989944220356,6.757957352464891,1002.7084855679761
2018-05-22,36.10697996685352,28.04183778329816,8.374529376685485,1001.0717347043748
2018-05-23,35.85608526410077,33.93959650634046,4.240773965484972,999.956910059691
2018-05-24,37.360968982852214,24.251230848145692,14.098052451938354,1000.673919773195
2018-05-25,35.040695168479914,30.39719551207981,16.07439154273127,1002.0759146324366
2018-05-26,34.64152369626016,35.64672821988436,13.940069589064255,1001.7695761456483
2018-05-27,37.56218236975838,31.562384230883737,11.905223912403939,1003.7619686530886
2018-05-28,35.442373534647956,39.29676349374355,13.17841986973515,1007.0621695823262
2018-05-29,34.7871815885847,44.581449505825574,17.62956198964015,1006.0576272043039
2018-05-30,34.91774689225581,43.87777643406492,16.71361623474862,1005.116074957635
2018-05-31,33.98958362895148,39.70198239913877,8.305668446854472,1002.2647473667582
2018-06-01,35.370476175467864,42.176478858999694,7.851186069210932,1001.9668506389061
2018-06-02,31.07496579566161,50.09720606585148,6.989195172343942,1000.2571239535598
2018-06-03,30.642510944212518,47.71723943021704,5.123657111075813,999.7158181019175
2018-06-04,33.00336376844813,46.17492510443107,2.212700525899564,998.6118389770738
2018-06-05,29.622371344553667,61.76808335460693,8.04851219512075,999.3137591615606
2018-06-06,31.61466667582637,57.51042007468623,10.82745279845343,999.2077639287172
2018-06-07,32.468676603324205,51.327414428137445,13.376422433591742,999.9311053969117
2018-06-08,35.65439113397259,43.69435456136688,13.03882385505588,997.293281476737
2018-06-09,34.08880646112952,48.18806791791905,15.229013799072996,997.2241535293141
2018-06-10,33.72631922963061,40.33360470240271,13.708606951220027,997.2456246728184
2018-06-11,31.598260251106314,52.287070960925554,19.13388101377228,997.229655400354
2018-06-12,32.300238192231035,53.46386829049898,9.72966692885676,997.4493076888722
2018-06-13,30.28906460712999,55.29907445591383,12.926227244153575,999.1711969768847
2018-06-14,28.87014843484694,62.31497177188337,7.81463146166158,1003.2131304958663
2018-06-15,28.59210917212133,67.99548152572055,5.78756956803977,1005.0835356740587
2018-06-16,29.14492371007993,70.16473055096262,7.401883155244582,1004.5749167000196
2018-06-17,32.24906094379806,62.86725890413926,4.000424616487231,1000.554636542058
2018-06-18,32.042577080864255,72.5845381754549,10.494395715583458,998.2714873885889
2018-06-19,31.08267226177431,72.23788854246503,7.352361781551423,999.0507617802103
2018-06-20,31.89934833664157,58.523290526574414,13.488589665446174,999.491263676615
2018-06-21,32.363404342178676,59.15237488819813,9.262638964992679,998.8210991032246
2018-06-22,30.183667380608956,64.89232012186801,2.131917903316827,997.8078192436093
2018-06-23,32.44908018472775,53.985210388784786,4.647544377807703,996.659969244561
2018-06-24,31.184451239257903,58.4704493960181,8.843827798122687,995.6418272416776
2018-06-25,29.728747133382114,61.26024402544442,6.83355640018533,994.4699669981021
2018-06-26,31.609521150970135,58.85679611533867,4.070420715560406,993.8258258628937
2018-06-27,33.42224735645631,44.5870642784265,12.278467793434888,995.3416259627046
2018-06-28,33.09528638539344,51.544685427914445,10.999191399621616,995.8131723293825
2018-06-29,32.25638751053526,58.99353038218365,7.335516517999602,995.3974487384309
2018-06-30,31.862563402907718,53.84530335080895,12.619828706814669,996.2768205214143
2018-07-01,30.958545528594186,59.32593896531734,16.42818752418992,997.6435066830163
2018-07-02,33.156355509452425,60.75870489882102,9.324863712274771,997.7083840142137
2018-07-03,33.10077325924842,55.3683953370486,5.106336761935597,995.5541128419907
2018-07-04,31.9437165804392,56.63379411397648,7.136988646759632,995.0808165326166
2018-07-05,32.873801137969224,51.66850216019297,10.113265222334562,993.8951142965487
2018-07-06,29.606162574746598,57.657551318558646,12.457936639929422,998.4507620387424
2018-07-07,30.053525548146023,51.67264494292664,3.6895585168751657,997.8765907194951
2018-07-08,30.14997032166596,54.80691229650165,10.366542714912963,995.0220085983563
2018-07-09,30.22471295246817,72.15803047237326,9.150829021358765,996.2622034014477
2018-07-10,32.53635025076682,71.21966828067033,4.049584750992797,994.1185397940328
2018-07-11,30.369568307115287,73.5893671883145,7.954841286262029,994.1594919266892
2018-07-12,31.8791422005079,66.481714873718,9.562787861765234,996.793432134963
2018-07-13,32.384205299667336,62.723301156529885,9.329150265440893,998.6848018217289
2018-07-14,31.71025037608174,53.5323937576019,9.970031226447489,1000.4059131228167
2018-07-15,32.294308381442974,56.03089808915391,4.122951246905888,1000.8304244360361
2018-07-16,30.31593186830616,63.33690000991988,11.092997987545331,1002.8087859558742
2018-07-17,31.418158627901253,63.673832229422715,11.472896217663827,1001.7542787551771
2018-07-18,32.568222590314925,64.2535162325684,5.950423397366838,998.8064940507744
2018-07-19,31.561495549624723,82.00386211444592,4.43235907597351,1000.0956875061851
2018-07-20,33.60588586132518,65.92345988534026,1.9693064168543923,998.6666263375486
2018-07-21,33.8416784102289,55.752772502177116,12.108194391276681,998.383500275197
2018-07-22,31.690054248715015,72.14370697297147,11.881097610678658,999.328804930294
2018-07-23,34.809174381870505,56.34605753476589,8.33456389951072,999.3055011192274
2018-07-24,34.235194260049724,60.600034599354885,9.396950017513893,999.610733671342
2018-07-25,31.140307320398463,65.41381787609112,10.046411344099273,1000.1386121213554
2018-07-26,31.461147219825552,65.01229583163429,9.076963932076069,998.5137689082466
2018-07-27,29.562345114109494,74.94046319499198,7.932174234218863,999.1483869691682
2018-07-28,31.2701129561468,65.55685208351902,8.975110672758037,999.016467727308
2018-07-29,31.139155346840237,65.77671263967639,1.6047624929707887,999.6594686806121
2018-07-30,32.94930894903616,68.22651929611249,2.0486881532003443,998.1660690085291
2018-07-31,29.33565545421774,78.5486528954781,6.068046684854993,998.37182973062
2018-08-01,32.025199145120276,67.13622787474017,11.94525470595418,997.0570850185392
2018-08-02,29.9001714968732,80.2891933410599,6.73638777483199,997.2944180290847
2018-08-03,32.33293834159584,78.11818075500918,9.8664816983822,997.5869522005246
2018-08-04,30.299813569919724,87.50224604941083,0.38196305965181754,996.6397549039236
2018-08-05,31.408041952806332,74.5637693294767,4.589402813388215,998.6437600136184
2018-08-06,30.43378035531577,71.00333740988921,10.841145045121332,996.8886261000774
2018-08-07,30.68052391766893,66.29149231623288,8.898956923148859,999.8243413162628
2018-08-08,28.836883558416773,75.24989329438196,13.218029595212512,1002.9216518256436
2018-08-09,28.220842694180497,73.60517065342236,9.873820734667,1003.7540224520783
2018-08-10,29.63741947091015,68.87454412839,8.442565494486553,1002.0630056435274
2018-08-11,30.688146146014716,67.18639224147931,7.588731360640647,1001.3256792662802
2018-08-12,31.168256001124302,68.23580831822866,13.612444018706427,1000.1274864766389
2018-08-13,30.653044548403052,75.41434541454882,7.235171774568428,998.2112380648514
2018-08-14,30.92554707991896,74.68247685748685,8.56898092269482,1001.1708993202825
2018-08-15,30.70547397780288,64.58918757608339,9.891111113732908,997.9923407103837
2018-08-16,29.228381631666224,70.48334480966388,9.970043570800575,1001.0035720371857
2018-08-17,30.77982268361226,63.52539889555702,6.809417521368425,1001.9352175984754
2018-08-18,31.562398472810365,50.955407706921,12.57040121302484,1002.8354633593087
2018-08-19,27.954869253295644,70.01333746373918,4.327146087087832,1006.7200048323475
2018-08-20,26.204401609720733,77.63303415011977,11.507442085196315,1007.8773835567553
2018-08-21,30.992780213989963,71.59492756741844,8.060852315367875,1003.0118989554344
2018-08-22,31.220186348602475,77.10686237757764,7.916050563231013,1000.0606887227915
2018-08-23,31.5192122803195,78.60540738001625,5.175415114605231,999.6395654343372
2018-08-24,31.0564098586025,80.99253487774236,4.4833392016102,999.8474809733533
2018-08-25,27.532899404837174,85.46369597516906,4.7960954397819835,1002.8189031215246
2018-08-26,27.708623675386225,70.34495360495185,5.177736188507371,1003.3598411852037
2018-08-27,30.027555636461226,53.21454174316816,21.323125974051372,1001.1984005994098
2018-08-28,29.263216931923754,57.413467267606606,13.426432834336168,1000.0486618345449
2018-08-29,29.070967751284737,64.76843309047825,8.416952445173001,1001.1571785761403
2018-08-30,32.5989218015843,65.54575999990985,11.549247955481654,1002.4087377521424
2018-08-31,31.530432209888083,73.86860234013635,8.094650459810063,1003.2932550606838
2018-09-01,29.182634711707777,80.80014271303853,9.329291921120547,1004.6474489521594
2018-09-02,29.722428479895786,67.3330455512352,3.574526201405778,1004.7591353494805
2018-09-03,28.8019332338687,72.6993048787296,7.416672038865594,1003.4927333598324
2018-09-04,29.669539498534643,66.0869246218538,9.05861222991217,1001.5391490438315
2018-09-05,27.584154489710183,75.16234112634494,8.899872302874762,1001.1752934959508
2018-09-06,29.258484564074184,71.1897425625109,3.7325310016706275,1002.5099080958295
2018-09-07,30.02247988077285,64.41390863936512,5.975980111071252,1004.5676037164121
2018-09-08,32.64215712047158,49.48970409785471,10.228511541656907,1004.8103899851839
2018-09-09,30.704136551382977,58.926682804738014,11.704439956322144,1007.4927887574247
2018-09-10,32.466721500713874,53.35864960815434,5.966696252527007,1005.7736170139501
2018-09-11,34.54944040016582,54.096960012331536,0.0,1004.4727978720858
2018-09-12,35.836927719715135,59.14995285898488,6.123797114542151,1002.707354641332
2018-09-13,37.511888465091026,39.78850877429082,11.361105509908487,998.6694690762477
2018-09-14,36.83549647605788,47.67309086860438,8.672349311505316,998.5920021133328
2018-09-15,32.603364410435965,56.357867528073946,9.6293216680645,997.6874846388937
2018-09-16,33.4886575870338,59.061068656897945,6.4197675459482895,1000.4166668136457
2018-09-17,32.822364530273454,55.04364405159035,6.382448316723059,1003.0936108522797
2018-09-18,32.535495967587565,49.810146769045204,12.936071183994265,1004.2289766597319
2018-09-19,33.30711377327797,49.99660019560071,10.751781977865981,1003.9836539054091
2018-09-20,33.17425459299629,48.80377797944306,7.961617863238555,1006.5594871338615
2018-09-21,32.5752397485001,48.41357296874422,11.6861934011911,1006.4005960581098
2018-09-22,31.423222484361595,57.831486133096284,7.366816876474494,1005.9034235225089
2018-09-23,29.79805657129425,60.269571469362866,4.002818800854298,1009.4968023922762
2018-09-24,27.615007127892273,69.47424421095268,7.715236113158246,1008.0352521461812
2018-09-25,28.149973726261713,67.0040701860764,6.667282734495338,1008.3883316365062
2018-09-26,27.908885053813634,70.10782184473925,9.705157475381299,1008.8609861337817
2018-09-27,29.459671139396185,67.6494896939116,8.906878375754975,1011.6975921658417
2018-09-28,30.04992728813627,60.9150595608791,2.7942651356152695,1011.8939535310091
2018-09-29,30.053699678386145,57.07517775779952,11.183997700030858,1010.0162569910141
2018-09-30,30.238361330428805,61.695953932060455,3.019785236567204,1007.4877125800186
2018-10-01,28.170718092086343,66.06704681955271,0.0,1009.0574251539908
2018-10-02,26.84974895364174,64.29890045641469,0.22065639058073128,1009.9782288705792
2018-10-03,27.088768171026587,52.469783256574374,11.628158601565687,1010.4464237559017
2018-10-04,27.19870498927724,50.447670393201804,10.796212748053492,1010.7817688780458
2018-10-05,28.70180965975984,52.341360557201085,3.3993096543339436,1009.5004973501932
2018-10-06,28.002913709695626,52.81169939701916,0.8932123996346144,1012.7226814977691
2018-10-07,25.854521388514403,71.33768036274797,4.483053741723879,1013.1856780890051
2018-10-08,24.84666522295572,68.11624538057627,5.719144089325798,1013.2834312617117
2018-10-09,25.056178866240003,69.64388027977942,6.955359221649134,1011.8599067466099
2018-10-10,25.36215060459256,72.2779503897997,6.196526996833884,1011.9569860010375
2018-10-11,26.150595038356247,70.4244314568439,10.132120323826047,1013.9831161243425
2018-10-12,26.02298812110767,68.43719376549065,6.150109859399159,1013.1206622342555
2018-10-13,26.14350833453863,64.3681836562205,10.638453827730833,1014.7559209366036
2018-10-14,25.09576857512419,60.18670970156334,0.656594927090187,1013.3536798036807
2018-10-15,25.666721846473173,58.311482704544254,4.320355305954848,1014.3024379812764
2018-10-16,26.723962008909385,55.182422367875056,3.8466517955956965,1011.2489434306993
2018-10-17,27.151221189386767,48.59122404240205,6.50007363418932,1008.8364455343751
2018-10-18,26.360343123998582,62.61494387221181,0.22265021347262426,1010.91515732902
2018-10-19,27.396929320785322,60.7799951049901,4.6140019812295225,1010.0262847698505
2018-10-20,24.77359725246923,58.30246953399163,5.512614106838758,1010.3123213488371
2018-10-21,27.840979730318175,44.347204576667046,8.137909344649414,1007.3237708887136
2018-10-22,25.893609512288283,47.99493051042275,5.10207892346364,1007.472395396912
2018-10-23,27.02154692609363,34.18267623941304,13.34499774846094,1010.247992843688
2018-10-24,24.8803106384924,37.02440816178238,11.274410416191659,1013.2997689251844
2018-10-25,23.952413331115288,56.16649852369284,0.0,1014.1121991597574
2018-10-26,23.406779327741475,61.41977571346782,1.038309191685606,1014.5430327224711
2018-10-27,23.856975861329268,74.45170079352718,0.04670993437369919,1013.9526859711744
2018-10-28,25.71897522727991,65.57779961891028,4.400372992139012,1010.8450147422677
2018-10-29,24.222432426742152,62.4798854528857,4.654042871820922,1012.0225112705377
2018-10-30,22.764830204402426,66.51271433661967,2.095916743266045,1013.2633910195619
2018-10-31,25.09583293641738,60.94211086892539,3.582826246537206,1010.4465821965132
2018-11-01,25.83020713048025,59.69881035570229,1.8360864721258587,1009.4285425791081
2018-11-02,26.953727901361525,56.946250159625684,9.28813660594265,1008.2939714382807
2018-11-03,26.119099941190616,45.86512227309026,12.034077227166321,1009.4869350597119
2018-11-04,25.168343249541678,34.12210133400196,13.631806730716782,1011.6906901293806
2018-11-05,23.446253729363132,39.2482041830689,5.104784570047729,1012.8966023857135
2018-11-06,25.813147344538407,46.34293926781615,6.792343982017261,1011.1919824724338
2018-11-07,24.033032411384525,66.36907940514372,2.838506421278886,1013.6935561742455
2018-11-08,22.149593877889068,65.14923022027062,6.351113813581824,1013.70020813261
2018-11-09,22.32443106819713,51.98643399310407,6.614175249699951,1014.9098188634201
2018-11-10,19.311180256237687,59.50718362681813,2.9485522919738147,1018.8132040855156
2018-11-11,21.221898297193828,62.06962478729099,4.439530485059936,1017.1793471342037
2018-11-12,18.91555884476733,70.01216202405797,6.52092469682602,1018.551593744924
2018-11-13,20.718067159006708,63.58609329130485,4.293754150603266,1017.2111665449287
2018-11-14,21.776431692584545,59.519285204771904,4.447252481180791,1018.0050290041315
2018-11-15,21.004088520798295,65.63271016757163,0.0,1016.1596811935553
2018-11-16,24.787123748337734,52.69050171015914,1.4329242577785286,1013.4056128754287
2018-11-17,24.57401039995404,54.939562925563514,6.018232759652127,1011.8833997840602
2018-11-18,23.68281847180614,55.1080841962836,11.04946482198335,1009.0874153752859
2018-11-19,21.56379652179356,58.659201614609614,3.5859339298731587,1010.92012072816
2018-11-20,21.995629414469196,63.70834059597854,9.028027293523326,1012.4248262939045
2018-11-21,19.71384811312422,72.98743037862913,0.41599724297671914,1014.2503546711913
2018-11-22,17.356411809251412,87.16614156987649,11.535156233138501,1014.8517894605953
2018-11-23,14.78167168100513,86.13208871596608,7.554062048302363,1015.0346777216669
2018-11-24,15.168924672053224,80.98080373432481,5.799501705173995,1014.462214098822
2018-11-25,15.746253098724587,83.07831713017694,0.2940915363977372,1016.485544825899
2018-11-26,14.26538159645354,82.61362544229019,3.855675961929493,1015.7904659870863
2018-11-27,14.608472539951505,77.54473045510457,5.553586466276162,1017.5181528698013
2018-11-28,14.063843066975322,79.90443372234297,6.026826710908802,1018.3682465041619
2018-11-29,16.443031368665032,64.93258370973301,3.8986749571306274,1016.1273010508106
2018-11-30,16.619061357935365,70.15698024377171,3.388495819758173,1016.1662077205204
2018-12-01,16.760138681035972,76.25108822775523,3.736897151964272,1015.937476630546
2018-12-02,19.230048552314653,59.84730589286872,9.620207520214418,1016.4863547112774
2018-12-03,17.601123663092288,67.80832368014143,4.29006038634,1014.9686297202893
2018-12-04,17.69894901407111,73.12966881732261,0.0,1013.2563116837133
2018-12-05,16.41639759464657,70.29763751310435,2.491640718202679,1016.0220436278066
2018-12-06,15.545201377873385,59.655495125104224,0.3194794900371103,1018.1287821516752
2018-12-07,17.14663137484524,56.2590798910692,10.291586483999478,1019.5105462736543
2018-12-08,17.809458236236207,53.46977318953703,12.050490168495461,1019.0641675815076
2018-12-09,16.18141591521853,60.52700602176856,8.394205282842531,1015.9927796821217
2018-12-10,16.45852013912096,60.48653020392442,0.595783619201598,1015.7247525883367
2018-12-11,17.81553883647181,56.05994061615913,0.7263531586882772,1015.2134832285686
2018-12-12,18.11266558073821,60.8520137591796,0.9049686837843121,1016.1617225463275
2018-12-13,16.06265068459993,71.72825633243052,6.211291888613475,1019.7233310403818
2018-12-14,18.84816625246765,59.808961261398665,4.334801582970969,1019.8927983228555
2018-12-15,19.05679274377271,56.7111657199727,2.468884945953596,1018.3853617342298
2018-12-16,18.814363586487424,55.91503324118485,6.135794153919507,1018.041632921611
2018-12-17,14.191740437476547,73.65419280481852,8.72003104961496,1019.3626627225274
2018-12-18,13.006842436309872,77.55500397922914,0.20851491019644275,1017.1930328288804
2018-12-19,15.423124306380958,67.31548287485629,0.4697607586321668,1014.8525355976477
2018-12-20,15.983853657723486,74.40979833930514,4.197393382468862,1015.20891172068
2018-12-21,14.053389827364532,84.13007871859858,7.185656821115749,1016.5139160990115
2018-12-22,15.852939167631037,69.9874919329395,8.721910909288189,1015.8620870464422
2018-12-23,15.372733189960046,79.70352991781287,4.098920839776423,1016.1749411501053
2018-12-24,15.722139727967578,79.04826368754871,3.3682042973888358,1016.4506504144134
2018-12-25,16.451021337062727,77.67368356623548,7.70347852772324,1018.0988782024781
2018-12-26,12.027234506988153,90.92218130044327,8.920238841888604,1020.3240700020298
2018-12-27,13.422248992259439,80.97507787686155,7.191825185636958,1019.5578783397328
2018-12-28,14.615434430663123,73.11951057464132,3.88840699808215,1020.3757243971513
2018-12-29,13.621472883764275,72.43699516456554,2.302710687615361,1018.1362070061692
2018-12-30,14.255008173694476,68.31098219964197,5.843155435922069,1016.2788206375923
2018-12-31,15.300210113352202,71.74292518114643,8.249610542198,1016.0657837215608
2019-01-01,13.177310352755853,81.27076453571013,8.074667866748023,1017.8007606139404
2019-01-02,11.034070254011114,84.0435237702823,4.074062918699928,1015.8163196465207
2019-01-03,12.470795292423162,73.93690096457848,0.244381496441604,1015.0049080370279
2019-01-04,11.028543170921804,72.88074524184884,9.424997880469299,1017.3557789199264
2019-01-05,13.502946589144898,68.75830208199531,13.990090302716236,1015.4290736549083
2019-01-06,13.361892012165562,69.20680425079601,11.387806319490672,1016.2322929786152
2019-01-07,14.406572035871225,70.47132738911647,0.14483027851200436,1017.2556314709833
2019-01-08,12.933157806814288,69.42854215220729,9.46371597099197,1019.06003882381
2019-01-09,13.469109388125664,67.49543021695102,6.650782542925732,1017.6245219267873
2019-01-10,13.154185658563238,75.10353721986495,8.718920681719235,1018.2566925291218
2019-01-11,15.23166301255986,67.76178126867487,4.34500319241165,1013.1879349557837
2019-01-12,16.426435813622945,60.83602247139183,2.076965548687091,1012.0004472186869
2019-01-13,14.825995436227947,69.22416861874719,3.965069681937994,1013.4999097268303
2019-01-14,15.776619032575478,70.18525382490007,0.0,1015.6181914667238
2019-01-15,14.967267259351463,75.0455023396302,14.384481616869085,1016.4294556416097
2019-01-16,13.031460919610339,82.76507214525421,9.459593067637353,1016.2070777134912
2019-01-17,12.761024314951658,95.67992143466498,0.0,1016.9362788188372
2019-01-18,13.07697944869287,94.98261984804262,0.0,1018.3442987630875
2019-01-19,11.360133166363283,96.87674829678622,5.611225771455274,1020.6075568727965
2019-01-20,13.23557870127944,83.36188948849406,1.828092928479947,1020.5231222398721
2019-01-21,10.648594188997018,98.98887781800238,3.5653813053893133,1022.6746349220086
2019-01-22,11.149621814523245,100.0,10.51259684755399,1025.1102747117375
2019-01-23,8.849467207053227,100.0,5.483301354300126,1025.1668776564495
2019-01-24,12.591176291096657,77.80303767723946,7.380570205678769,1021.5465247841868
2019-01-25,13.106238816085739,68.87661877691977,8.494853078953716,1020.6102572449721
2019-01-26,13.30904124426458,62.7293009009443,6.639365123992733,1020.335431413707
2019-01-27,14.436955735108628,71.76497138531076,4.83146969577754,1020.182678045636
2019-01-28,17.87216451859738,72.66062114685094,5.244607022429562,1015.9173870113318
2019-01-29,14.106512164955724,88.17602423014678,7.314791398761514,1014.4660991660502
2019-01-30,12.923543348183962,86.64412757948523,7.093773065817285,1014.4621803512192
2019-01-31,11.862006294195501,89.86184013329947,2.8677965370145433,1017.6582818236725
2019-02-01,14.782964176941977,78.4196597676053,5.556464801972076,1016.6799275083864
2019-02-02,17.55344401462065,78.12392517770877,6.550678844980218,1016.429269285409
2019-02-03,18.831317237224624,75.0031844845656,7.76342952969886,1014.8681833721956
2019-02-04,20.561568965432837,62.08091337659877,11.859935426652806,1015.8856887489446
2019-02-05,21.55905211633535,60.64023228743113,9.910600056389281,1017.8646122513048
2019-02-06,20.454696290115486,72.44941635085317,12.378309855618655,1017.5980379454497
2019-02-07,19.528856646793987,72.2756435168754,8.749368833325068,1015.7361312780087
2019-02-08,18.515261363961805,66.69293707737378,9.035703175565644,1013.8647038473163
2019-02-09,15.80698469365802,72.82136199027869,10.425789578110784,1013.5157415485568
2019-02-10,16.071183952452124,74.16187995753533,4.368194388494283,1012.0079142168169
2019-02-11,16.677057471193287,70.37509437776228,4.4417673529478865,1012.2651926437537
2019-02-12,16.395900439112587,72.15177240990887,7.288775248298133,1010.7170532632093
2019-02-13,15.086868229180892,73.80293321121223,10.080369888678373,1013.33160609474
2019-02-14,13.775380864507886,85.07255442472949,4.957410419537196,1016.8520890154922
2019-02-15,17.264406591007518,71.96352326137819,3.6416982278329515,1018.442803211803
2019-02-16,14.986899750087378,72.06594586622147,9.186800830531006,1018.864702483704
2019-02-17,13.79340957533656,73.38232491361948,10.849865925837285,1018.7025377783409
2019-02-18,15.386413073202938,63.42411264590731,12.043512931010703,1017.0943268914423
2019-02-19,18.732965418581895,55.8534306712704,6.449737132720401,1015.6122724345818
2019-02-20,20.363509487778096,63.93751747035121,1.189259373189456,1014.6911178139937
2019-02-21,18.601095902250595,71.405330440226,6.3062445600286114,1015.4366004758637
2019-02-22,19.992091235890648,71.23866020130053,4.67491468894766,1017.6879167918144
2019-02-23,20.219104481329033,72.28550809565016,0.15448809136692798,1017.4504137659583
2019-02-24,18.842000338118172,75.3042276283234,3.0259541019059544,1016.8434824198134
2019-02-25,20.651032032319822,74.57376755120859,6.756049013672856,1016.0104566888318
2019-02-26,19.16714453208377,79.2546632401506,8.081893592364702,1017.1290088794932
2019-02-27,18.365037038092687,73.91418200547787,6.749719198984849,1015.4611980337306
2019-02-28,17.278578163819198,77.29338083886093,0.9636029461010631,1013.5771802703783
2019-03-01,17.93341679593356,76.50174382756717,8.182126862416224,1010.2301775187636
2019-03-02,18.05211061127747,76.05191940739628,10.430863135452363,1010.5476063973434
2019-03-03,16.432610923355764,70.24477912646857,13.817179979220711,1012.2942064540202
2019-03-04,19.339581867006405,68.9658372084009,3.7693929511984425,1013.886533552823
2019-03-05,18.462833670439878,73.44602470420351,7.762370803161867,1015.5010894914572
2019-03-06,15.298774547816697,83.28431522284345,2.6705587014324834,1016.7546575646417
2019-03-07,14.560473301966812,89.42408428718204,2.369204686205313,1014.7617564445927
2019-03-08,16.64815438664608,75.03063729537777,3.024616356422399,1011.4205172174466
2019-03-09,19.330717586223383,74.34409555492934,1.629729216181568,1008.9756569703286
2019-03-10,20.47507331620327,69.6140528094619,6.149557287483284,1007.1396651774113
2019-03-11,19.732441572448764,70.02300633803608,8.055361555752206,1008.3270802689526
2019-03-12,24.150317770977654,46.63820069785418,9.466120384688086,1009.4899558336679
2019-03-13,22.53371351432313,52.51560967927142,8.101483506873558,1007.7196721762875
2019-03-14,23.723370357027505,49.61868792402452,7.835089242272294,1008.7253495036172
2019-03-15,22.194920289829433,52.29626169626186,4.977623703370817,1011.3645163049823
2019-03-16,23.355884465329527,55.72723897303185,3.5566772863785454,1011.288474964284
2019-03-17,22.706358061971862,58.445405903855956,8.739938810817602,1011.3388487922774
2019-03-18,24.23380222696901,52.71862098127228,7.897748118593945,1011.8360321419306
2019-03-19,24.7610651212642,50.70932721858612,2.5163040065921685,1012.6042529485591
2019-03-20,24.72745770524683,48.51016780514362,5.8555412966382,1012.1335748500874
2019-03-21,24.430958241991906,54.83815127161995,4.272291363080297,1013.9380030647554
2019-03-22,26.183831334882388,49.71232802603016,5.868634525587904,1014.8955523855781
2019-03-23,27.352388174649576,46.83795010183159,8.879892315882511,1013.0493753749473
2019-03-24,28.510593408476634,44.7988451505472,5.703914118575985,1011.9320651021239
2019-03-25,27.43002948506974,49.818256632422106,0.4997111918664956,1011.4999659344719
2019-03-26,27.781242203010674,51.7509053476177,15.811784651827331,1010.8144201480169
2019-03-27,28.54425042975699,49.88494094822048,4.356898449492838,1010.575830897485
2019-03-28,28.00877761469002,55.96997408433255,4.143773517063633,1010.9417832817333
2019-03-29,26.572451748063497,66.33232315073357,3.7752177927650834,1007.9738783308862
2019-03-30,28.52426744553842,65.1413729784114,7.107259788521467,1008.0001048640913
2019-03-31,29.42250166480896,59.50833079171184,11.23224395264115,1009.0224081810317
2019-04-01,29.069439625148703,56.13820471660637,16.110837210450793,1007.5295979564969
2019-04-02,27.465564839719143,59.60584394633391,8.650875909216525,1010.6045832245865
2019-04-03,26.195386923496407,65.35435136470593,5.623515682642827,1011.759570099319
2019-04-04,25.985643226509012,73.79390494842627,10.785586028172846,1008.6077600563938
2019-04-05,28.779193452126698,68.1961851672043,1.9600633430319654,1006.3049531229543
2019-04-06,29.27625050691579,63.534985886356594,1.575397367245607,1007.756924296626
2019-04-07,28.677746686786975,51.487221948916236,5.462875039526815,1008.4162864894753
2019-04-08,30.881756763888365,38.078975173809326,10.957168934541535,1006.5039886238314
2019-04-09,31.514909193449085,33.62739162885816,10.273728631143083,1004.3269209811772
2019-04-10,29.97332813023801,31.714280702527034,12.224287032358985,1005.7424680080759
2019-04-11,29.692599960776192,34.99398041633128,9.219757528701248,1008.0890181731712
2019-04-12,27.974522491724453,40.16484500850029,12.925351368602133,1009.207511300557
2019-04-13,31.55932604252773,22.730666528825946,10.380033220468535,1008.5713110643268
2019-04-14,32.49447208426521,20.109305195139548,8.854148319756641,1007.272069973418
2019-04-15,34.06921797667363,10.0,4.411109406515078,1006.5101348379102
2019-04-16,34.50221769400261,10.0,10.672431167126163,1005.3592729954655
2019-04-17,35.90732770611801,10.0,13.939784140677475,1005.4720313254946
2019-04-18,30.368684518697624,18.997817818324414,10.993133107587372,1003.0375845024151
2019-04-19,32.13221681795665,10.0,18.796844333388,1002.6755038262354
2019-04-20,30.896032106098946,14.378532637664268,11.759383496545963,1004.0370948689746
2019-04-21,33.223808983965924,10.0,14.738725552550957,1005.4092857442704
2019-04-22,31.964784103195267,14.229652836174601,16.76179424978036,1006.1184684758377
2019-04-23,31.01326571669947,14.374946069598089,15.540745825860165,1003.8529595295405
2019-04-24,30.026136647648414,18.511995362426678,14.091047897503602,1002.8183809845829
2019-04-25,30.953727415248334,17.701603187434824,14.250749860870332,1003.2726412494183
2019-04-26,30.597455114098242,23.49684946713881,11.661788869955563,1003.9370068108287
2019-04-27,30.121852898129124,39.076474113916106,11.547975896277412,1003.6971704523438
2019-04-28,30.5263362399113,32.90706010726806,13.238607500783807,1001.7620808965985
2019-04-29,30.84801718870476,28.085305532284792,10.41796039181197,1004.4391749283783
2019-04-30,30.766786309214385,35.875093531798484,7.118559565361506,1004.5010548893157
2019-05-01,34.34759089748893,37.89359772319376,3.4946995749571066,1005.5804129614356
2019-05-02,34.667164109932564,36.922607531385545,1.2422866246422313,1003.1381068340097
2019-05-03,31.373339105943565,39.98890056645733,12.180318178454703,1003.2226558999596
2019-05-04,32.602087128954196,42.97530577016944,8.922875240675575,1002.2022506985277
2019-05-05,34.441314189867526,35.303698505913644,7.347893548035875,1003.3189031669222
2019-05-06,33.59990142642085,44.07501806103725,6.915666804879081,1003.5965679331699
2019-05-07,34.3508127856525,27.62419299913394,11.446285926265096,1005.6033874799087
2019-05-08,35.11532313335558,18.302179254478336,20.48553782918411,1003.4770088762081
2019-05-09,33.53879253354459,31.83836675584576,9.163690540348624,1002.0042500059649
2019-05-10,33.482463142882146,35.87405251839193,13.064330735967182,1000.6741723867715
2019-05-11,35.21304010705657,23.221083757363154,8.781709753080877,1000.4399661224897
2019-05-12,35.503845220097766,19.0133492085318,20.45235636335372,998.2248882417284
2019-05-13,34.02874966579294,24.186988475187448,12.797258047488938,999.9773365885281
2019-05-14,34.3600994795551,27.84058699355618,5.9229774397489585,1000.5954907923377
2019-05-15,34.4202198481619,15.162010879448921,7.3907184536232595,1000.2787142400759
2019-05-16,35.78770953900476,22.6022086768166,4.849130136829734,1000.5403600604468
2019-05-17,33.20864592169229,35.56692404800107,4.874942063196757,1000.5734285496429
2019-05-18,34.003413870653226,24.292469448946186,4.239936113596707,1000.604751839801
2019-05-19,35.44181247168535,13.268115490668709,0.21280320349073634,1000.6351360280503
2019-05-20,32.75677015555769,27.340918797489856,4.690900184485216,1001.0162510130116
2019-05-21,35.06950897582685,14.83430884455339,8.734649800675843,999.8149098974702
2019-05-22,34.2973007139513,17.216954085479948,10.871162263705276,1003.4073528345446
2019-05-23,33.619197934546015,24.695573605122917,6.386908380005131,1003.1268183920934
2019-05-24,34.0024612151112,25.989276707210045,9.267146701658522,1003.5413009098407
2019-05-25,32.89548272535525,34.24803276810211,9.279326408250657,1003.5088411805273
2019-05-26,34.30733193131665,40.075017265444146,0.5908648608321236,1001.1087263105472
2019-05-27,33.80512321542312,45.53395196598336,9.709821851572775,1002.6657456270287
2019-05-28,36.2478167388638,41.818544899184815,6.894500085997361,999.9575498900999
2019-05-29,35.96593193350899,39.35613113902891,9.802112656934415,1001.0342584227607
2019-05-30,35.64948666846692,41.638126450113596,8.575366302505085,1001.2567459428369
2019-05-31,37.8511929615654,30.940607770389335,12.273091747582972,997.8417884144931
2019-06-01,33.929485203985855,37.22253703779672,13.186297090617815,998.572299309069
2019-06-02,31.105289500433447,38.89247666071674,16.692577787677834,999.2551269037762
2019-06-03,31.09284738508229,44.6106359789129,12.743198797727171,999.5514735882178
2019-06-04,30.390105993030883,54.31827532387084,8.304266662314557,1003.4353703101694
2019-06-05,30.19700022515456,50.250194431325355,9.002170973699652,1002.8828963699457
2019-06-06,31.213075936548965,33.29230262250061,11.309520609129875,1003.5457565291839
2019-06-07,29.864301770296592,34.50236806881164,11.917536223768765,1003.1895405653103
2019-06-08,29.110569854865133,44.96522820397563,10.395170545265753,1002.1730438237211
2019-06-09,30.952607508414374,41.681612110512376,11.916992211263956,998.1452332592395
2019-06-10,30.89662688772928,39.746838866621246,11.096339249198376,998.9871740886598
2019-06-11,31.045272025972864,44.142300096268734,1.9530589258290574,1001.1628242999271
2019-06-12,32.50421387108654,42.65693921454718,2.02357277398138,1000.3447169060835
2019-06-13,32.36537070834308,43.52174109212569,3.897027716748049,997.3674483698185
2019-06-14,34.13657339353394,42.0026102824243,5.524108932925124,996.2541085517462
2019-06-15,31.410630279488185,45.01384010033719,10.538039487674261,998.785339699881
2019-06-16,31.776724761503623,45.29871170931616,8.133147481985581,999.4136133298205
2019-06-17,33.079936017235674,35.4883052842208,15.756121352511656,998.6831541447092
2019-06-18,32.65113410624314,47.54400045328479,6.521615125225011,998.1087276169741
2019-06-19,33.29408388908089,56.13682437811227,0.0,998.6731210010887
2019-06-20,33.2603173627731,60.57563763815568,5.953059943746357,1000.1573665800782
2019-06-21,34.401822227946,58.43978142783937,4.522261520398712,998.753054444179
2019-06-22,38.10291628255013,36.97059894836369,9.375160820521199,999.5828846689861
2019-06-23,38.15647148558434,33.99777811501535,12.48121935437348,996.8326939269958
2019-06-24,37.72263229174365,37.18601794785661,13.355474668913669,996.99150178433
2019-06-25,37.66462553165636,34.277912990095885,5.816972161688094,997.1887435333953
2019-06-26,35.566644010006804,39.98942458814558,7.458833198190882,998.2852508586824
2019-06-27,36.180602982648836,35.17987781997238,13.51240275394685,999.5363656153135
2019-06-28,36.77435116738853,31.23474862008043,11.033652908325912,997.1016383923908
2019-06-29,34.27780684566028,47.9687197816252,10.890936581802837,998.5271336321756
2019-06-30,32.79931329574591,46.817283255910255,14.760854369061468,999.5985979809603
2019-07-01,30.176667053427927,57.73232137124499,16.503919743608485,999.8371053642038
2019-07-02,29.427592015709003,75.82326081748414,5.167317801771901,1002.9730798802282
2019-07-03,29.52579455841419,77.85121888218862,0.0,1002.9621587852936
2019-07-04,29.119179610720263,75.39951675843295,5.188968983029174,1000.798831619206
2019-07-05,29.765434279282804,64.26171268761874,5.288288211653732,999.9151492108441
2019-07-06,31.07433038802742,70.96293925097685,8.002076527731772,998.3309459919548
2019-07-07,27.938746575433775,85.08977526867135,10.423624122198305,996.6027223499275
2019-07-08,29.624930853131772,66.93684697964092,7.362386279367593,996.9817496042273
2019-07-09,30.77711760137482,58.634964671341145,12.18069774300692,995.1606743551257
2019-07-10,28.91496160006649,62.89013317685498,5.326980286615657,996.3960161222541
2019-07-11,30.533761419401234,69.11166170868863,5.875961801260459,998.9983989477316
2019-07-12,30.27284778416622,63.31829661178408,14.64002988380996,1000.9662232285441
2019-07-13,28.73970819904313,70.67196234702809,4.454788593068397,1000.1889935689193
2019-07-14,26.888496107862636,71.28225368823756,16.281002370636756,1001.5026098723647
2019-07-15,28.65645023434264,68.68556848652457,13.119460453369097,1000.5776416168633
2019-07-16,29.53154860201823,71.2570417365786,1.2665767404594197,998.9615300369818
2019-07-17,29.395198227272807,77.41936725717977,7.903145788562457,998.1464686821718
2019-07-18,30.220351104740768,69.3685084316764,5.405312911900134,995.4354939671166
2019-07-19,28.90766443547384,67.8662230193933,7.404234739407516,996.4692849972678
2019-07-20,27.90559608976067,73.3509064915491,14.152133063479027,998.992118243641
2019-07-21,28.68618996393981,74.73744037618613,11.211289636689903,1000.3313405993473
2019-07-22,26.15105632908885,81.36752415738472,9.376187854834189,1001.3311850700941
2019-07-23,25.690974018329218,86.15832181890221,6.318452000375089,1000.900452811251
2019-07-24,25.76778367479821,75.47596194446784,6.741380411596237,1002.8492293443452
2019-07-25,28.026384457750122,61.662063727575756,14.532407301768657,1002.5060375255678
2019-07-26,32.377124460492766,60.38781196291979,9.55275606214044,1000.3299287401874
2019-07-27,30.958097349335638,77.30295436164165,7.073150918021014,1001.9891057902925
2019-07-28,27.927222432586223,88.61810640612305,0.984522357014388,1002.9635036214476
2019-07-29,30.0712235685267,84.90740168938191,0.9395767087482927,1002.2143126327112
2019-07-30,28.93290632911159,91.38714675582344,7.52906155679455,1000.570669793618
2019-07-31,26.529986999026114,99.44249824241439,4.5796098992775605,1001.700034538383
2019-08-01,25.237776096369483,100.0,0.0,1002.3052189631698
2019-08-02,25.574817498954136,94.76319703178231,0.0,999.2013686463708
2019-08-03,25.709390249328894,88.1752631557842,0.929009483913287,1000.8916476448564
2019-08-04,26.1535662376957,90.8837308102311,5.522520412915169,1001.7037550517306
2019-08-05,30.142164561076864,78.64777765232833,10.160772863290848,1000.5589113741507
2019-08-06,30.348019295244015,91.4823979359319,8.270749440859628,999.2558715806824
2019-08-07,30.521803477420264,78.06406070188238,7.317921225352663,997.2949852497209
2019-08-08,27.881608854015465,80.30068828561711,6.282625236330429,998.7823506416861
2019-08-09,27.32424238043457,69.38936633428821,14.197132227358027,999.0503845504617
2019-08-10,27.074397024883492,73.41255037460594,8.68038636804231,1000.6278804195917
2019-08-11,27.252844743953574,76.18454676172637,6.752563745988866,1002.1547122927643
2019-08-12,29.79943111075889,74.5807958140816,0.0,1001.8890282809635
2019-08-13,32.04643981206731,65.42539422531313,0.0,1004.2858703400817
2019-08-14,31.422105013474365,62.40731427688089,13.666078285334113,1004.1532945643589
2019-08-15,31.78359653685209,67.35489567079921,10.193677431582067,1003.537815706921
2019-08-16,29.684255157463607,81.34329002223329,12.836138669874526,1005.7867304042034
2019-08-17,31.582442535811754,75.95058280713528,5.175040093359122,1004.3037031992965
2019-08-18,28.159886349016105,92.25885001652016,8.21801662918855,1002.9188080074204
2019-08-19,27.544542702534148,93.64185269334429,3.1361794413200634,1003.418770280303
2019-08-20,27.34038732470298,92.83143821312547,4.710913952560358,1005.9511689489354
2019-08-21,30.782246116568498,85.25332837346963,5.874918672008287,1003.1545976101756
2019-08-22,31.626494397328987,87.99812567952763,11.200135127738656,999.2513309671807
2019-08-23,30.918344506105186,88.91719781088507,9.38955971172582,998.9543905567738
2019-08-24,31.251767948020028,85.34864140944364,0.0,998.8746591777223
2019-08-25,30.867715318518,79.71547350216052,12.316590908829728,1001.0254441150838
2019-08-26,28.37768390049236,89.85605231514366,4.165399765013272,1003.1984490801866
2019-08-27,27.949086169810975,88.93704518661802,5.329232679846016,1005.8962893504602
2019-08-28,29.05577668529849,77.26561079571808,6.698163551509711,1004.7102738620357
2019-08-29,29.71085187150204,61.010730730348556,13.11629308322745,1002.4808505340939
2019-08-30,27.922228729769827,65.4151769426434,13.339968043289531,1000.9498392848616
2019-08-31,28.62290828778967,69.38682115978732,7.741388179200823,997.7574395680971
2019-09-01,27.868077566829925,73.51865198309294,0.9629017099553998,1000.6007852656168
2019-09-02,27.13074303564823,71.02217435586942,2.404889877131712,1001.3843936630379
2019-09-03,28.278526898690785,72.62414732683075,0.7031144595025021,1002.9415094490996
2019-09-04,30.32743486103705,67.82405502667203,3.5502476859126952,1004.7380035452837
2019-09-05,26.79902338501199,65.43394141355091,3.9604694988471043,1008.1353793330235
2019-09-06,28.006235515849752,69.0451229270517,4.1609256722613885,1008.4153351772425
2019-09-07,25.759462974112253,82.18093349568353,10.089355805435824,1007.106713185146
2019-09-08,26.984838121463923,77.53422010222849,1.3317862604108388,1006.5322138276613
2019-09-09,28.588253806372357,70.06735147276272,4.086253348695131,1006.0664389456649
2019-09-10,30.095798536766882,68.01548760566038,1.96056871933963,1007.1531209974864
2019-09-11,29.255401122534543,73.11603603603453,0.0,1004.6956673517836
2019-09-12,30.90371728775758,66.21250346558072,0.0,1004.479375040063
2019-09-13,32.44738746156634,57.08713670548374,2.598437032506924,1001.7622906516025
2019-09-14,33.277283812618045,50.8878190904525,1.6731449040724433,1002.1676894259424
2019-09-15,30.62838910602878,56.790328798840605,3.73606218655979,1001.5954384758002
2019-09-16,30.134805385473147,62.78528637137432,5.2850024181592525,1003.0415661066879
2019-09-17,29.105109490052985,70.89974817876671,2.4951369455714403,1004.371114345021
2019-09-18,30.641880687039013,63.44823673735399,0.48854679535134427,1004.5581244236595
2019-09-19,31.756977384976867,66.3178233673554,2.6061194108269605,1003.8350112888805
2019-09-20,29.970848008535288,77.82971013862753,0.0,1003.8836452469468
2019-09-21,33.9748274056812,67.3496992942267,5.704970756559257,1003.4997460328954
2019-09-22,30.63701150169034,69.47322368335855,0.0,1005.0009046225839
2019-09-23,29.50874887987619,58.586602058849586,0.5791680487755357,1004.9437992044474
2019-09-24,30.798608495620847,41.85202840373769,4.105609505081671,1001.9170036949273
2019-09-25,30.567952235440142,44.55117047536508,2.557396565142009,998.8814270580588
2019-09-26,30.101259410892514,53.809897980905305,1.6733564145163102,1000.8230414983058
2019-09-27,30.799071198396522,59.12077220184386,9.875328738128431,1002.5397988834219
2019-09-28,27.67551735807148,70.72532833387419,6.76793350546914,1003.1977380504733
2019-09-29,30.45215127571253,58.241116656319406,7.076465557020795,1005.9000739740378
2019-09-30,27.605484778614926,62.35463605224522,15.672792502772838,1010.1077543643866
2019-10-01,28.20169355457124,64.26221340230768,8.961202463975667,1011.4112153550501
2019-10-02,25.917888572130384,64.14383009511785,2.9083677142925795,1013.617009488946
2019-10-03,25.012064616752628,67.03022775950122,3.8366419280664346,1012.1572250075535
2019-10-04,24.300883126994623,65.9836870224697,7.247784974316376,1010.7646399374178
2019-10-05,24.006195464396505,65.35332702155048,5.691870113352705,1011.7665775117254
2019-10-06,26.695780347075985,55.93129268663542,3.4822977183766755,1012.7817927951842
2019-10-07,26.95118388379755,73.9392240129367,7.105173507177546,1010.5369296038268
2019-10-08,28.303132155641006,72.25372602565534,0.0,1011.0143347115136
2019-10-09,27.335956085859166,78.00270500062041,0.09995992610128557,1009.3445340570801
2019-10-10,25.470386304934884,88.99116711866854,0.0,1007.3060850109664
2019-10-11,27.57623974382171,73.5687084751444,5.768481425511044,1007.0131281796337
2019-10-12,29.39254350515478,62.81937979331908,4.266062307981012,1004.7621759791896
2019-10-13,26.603662133838203,67.38680709571686,1.402322539744171,1006.7273404737767
2019-10-14,28.152365237492862,52.47766918425473,4.30506321390915,1007.7696040850834
2019-10-15,27.33505176711025,52.090633858302255,7.518532531232431,1007.4980668929254
2019-10-16,28.050388555036037,45.83988966690683,6.2746910176555115,1005.9130374413564
2019-10-17,27.61829728235952,39.14105636855986,8.743024687544711,1009.3792642077633
2019-10-18,24.110511348957548,56.39602969817871,1.4704456281419551,1011.9637367589498
2019-10-19,27.72702715309426,43.936484669387895,2.662778729843474,1011.2602610412166
2019-10-20,27.272629610579585,47.85403187865133,7.529924906217417,1010.3077779514533
2019-10-21,26.70779296509151,48.91422940395722,7.445384066867033,1010.1036057383218
2019-10-22,26.431713980605398,47.65320607035107,5.617365273503615,1011.6777357420032
2019-10-23,27.238974707564516,43.56338331250906,2.1820948125936424,1011.2847995183399
2019-10-24,25.900643763271706,53.61348861228416,1.7843834685270248,1010.6263107372159
2019-10-25,25.47858721669783,58.29903611396844,0.0,1010.4213359960015
2019-10-26,24.004000701985564,57.437221221730745,0.0,1009.5618817100473
2019-10-27,24.89909818474619,53.36097016763087,0.0,1009.3014730261854
2019-10-28,23.737562299176563,63.40480145667442,0.0,1009.0878736422607
2019-10-29,23.92808933972247,61.73861119222267,2.9616853062332926,1008.1378096683039
2019-10-30,24.621113496224645,53.297720335460475,8.2466636968644,1009.0071007100103
2019-10-31,24.788793971599127,55.59525113718086,5.485197749361291,1008.7290788844768
2019-11-01,24.552764609467513,49.06249749775809,4.280384491207632,1008.8271680786527
2019-11-02,24.966276841876763,55.86961630159447,1.175155959431915,1006.5729796339515
2019-11-03,22.865390175133687,68.50639917682174,0.7256969496828196,1007.17540918983
2019-11-04,22.228681947402066,76.35738309614206,5.064246664102281,1008.3800189116494
2019-11-05,23.37328185719873,68.94831109933357,5.61037289826765,1008.8913625994682
2019-11-06,21.545799977903172,76.03239661541176,8.698191553980298,1012.563791062818
2019-11-07,19.849976514464068,70.38318332881394,6.220783887891639,1014.0192411727467
2019-11-08,20.15231130630618,69.21435566620413,4.320915240028343,1017.2226651002645
2019-11-09,21.49307032664079,68.04527457401875,0.0,1015.8472745438773
2019-11-10,17.92953506695499,92.94490333011906,5.163618195475806,1016.3273671190718
2019-11-11,18.257663776716644,93.39614677482102,7.367850171401242,1019.2035777377369
2019-11-12,18.47210390450889,80.75453150064968,6.434919455723611,1017.4230691671701
2019-11-13,22.10326333730659,65.01846570732201,0.0,1015.0828540472965
2019-11-14,24.391115497740742,50.90909300673451,4.66431610211294,1012.8644115683225
2019-11-15,24.774197989593944,51.853295473299056,5.1524155000593135,1013.6310189066944
2019-11-16,24.19560205758455,51.07016635442874,7.606091967183437,1013.1964917575204
2019-11-17,22.608730587395645,47.084944616709066,6.244334328653981,1016.0617822718281
2019-11-18,20.063546918529394,59.980197357630644,0.0,1017.2690046290686
2019-11-19,20.69593851198302,70.0503914089618,0.0,1018.9044271923988
2019-11-20,20.13219312297973,72.12195273966908,8.82527059596333,1017.7586798040741
2019-11-21,18.20940966660165,73.01315365190277,4.586378593644316,1017.4782015132308
2019-11-22,16.387735649728864,71.3918388016908,3.439376558378943,1017.6925065489596
2019-11-23,17.57129012443035,73.20315787209682,0.662296638913348,1016.0957201656868
2019-11-24,17.362601707567947,66.19070213472935,0.0,1017.734877430315
2019-11-25,18.524075943578033,50.20448312684334,0.42720731498532993,1019.982907992205
2019-11-26,19.031763207151776,51.84635324001487,2.825751246220215,1021.1325051488265
2019-11-27,19.637785152772857,59.82374061174082,1.0042716271562386,1019.6728812649789
2019-11-28,19.76208383003041,65.9451247536854,6.946044434460799,1017.4196557241239
2019-11-29,19.43893446153582,70.02809078402261,3.2196586307834423,1016.428032507363
2019-11-30,19.53561525782616,69.21063514536745,4.39466477638084,1017.797155094448
2019-12-01,19.787416996463868,57.67209927705993,0.009388102204356041,1018.7606774799693
2019-12-02,21.797289657386727,53.23201166699276,6.906895216739068,1018.6455169939345
2019-12-03,18.56116157547032,64.29133009248659,7.712011802663172,1019.0554572883166
2019-12-04,20.0774201529179,58.65610204936365,6.6529083192146,1020.4055367674026
2019-12-05,20.419697379849577,59.54957931613963,5.352748428239892,1020.3879155547803
2019-12-06,19.661219604567172,60.34045033861321,6.241505288238627,1018.8536875830903
2019-12-07,18.100623426920183,58.6605133321208,10.248938500110404,1018.8235085303702
2019-12-08,16.574566616405782,70.19595433657224,7.087992957285886,1018.7988883115477
2019-12-09,15.69563250249518,77.92691478690266,0.0,1019.8915271085986
2019-12-10,14.36640313224587,85.38150602683477,1.4404992237191188,1021.0927447937079
2019-12-11,17.541500582971615,76.37615830388724,0.8584077120773874,1019.0662714736462
2019-12-12,16.298854884228465,89.50875213321075,4.169867344360404,1017.0525955067438
2019-12-13,15.966814882126702,83.92428404614871,0.0,1016.8715947080216
2019-12-14,14.720294672307887,88.77487929192193,0.0,1017.8174107719277
2019-12-15,15.929494176448644,73.26976976195846,5.541445879682298,1018.5285354757799
2019-12-16,16.185442897891498,68.27488554424421,3.296124514985433,1018.1959778636452
2019-12-17,15.005375470719331,65.9042057792231,2.123867454194535,1016.4553774137903
2019-12-18,13.621772272375589,68.26082343083424,7.579597446181153,1018.1186374040583
2019-12-19,13.609423579820312,59.38810802190643,1.3368860749649012,1018.4024580699986
2019-12-20,12.080856086777255,68.89440865086458,3.7764831091671036,1020.7195458908482
2019-12-21,12.150957239588365,71.74326332319924,4.053022111602605,1023.3273360315807
2019-12-22,11.483498428929373,71.52710154211937,5.835374723243528,1025.4343068261912
2019-12-23,11.746715412844576,72.56742099692198,7.591323337388053,1022.4041023840389
2019-12-24,12.66064731862959,66.51871008352941,0.0,1020.0908687612568
2019-12-25,11.621034639870908,79.37871205671259,3.5175868689762892,1018.4602202170996
2019-12-26,14.986988821336569,74.97556749570622,3.5161943188546143,1015.6100856651232
2019-12-27,15.312433042381173,89.7952714229586,0.9081344326742475,1014.7479440423326
2019-12-28,13.666963973835927,91.82799559850872,0.0,1017.4374590030127
2019-12-29,12.080220902603232,92.45401788810966,0.0,1020.5837669972582
2019-12-30,13.124981240872815,85.38097727759235,5.256342088610708,1019.1675134046232
2019-12-31,12.604361410981555,96.871301665113,3.680763616661615,1020.1259141434058
2020-01-01,13.521260709609106,89.7678068165624,2.497424625897597,1018.0775018263855
2020-01-02,13.65398165788089,77.09908439480098,6.1401133146425,1015.620215278054
2020-01-03,12.049170506435011,82.71111794791663,7.9105725763955945,1015.6725006972457
2020-01-04,12.008467522369672,89.06076947194671,0.0,1017.5044106922259
2020-01-05,13.78236627693056,89.3099117889452,6.760508108021288,1020.2254219533976
2020-01-06,13.601826213348314,84.05374073110875,9.200550547923786,1019.1699509998323
2020-01-07,15.282133406198009,78.78949770563749,2.3514320495339427,1018.0350370761391
2020-01-08,12.860614052518413,95.53577222234938,4.0095658220651345,1019.4396847571252
2020-01-09,13.956242938478173,89.40409859246402,3.3979397774696647,1017.5079028477995
2020-01-10,13.419042845613705,81.56526075423959,12.529325962673525,1016.628576628219
2020-01-11,15.72051713276063,75.06912267918631,10.402453141684695,1016.9643815823387
2020-01-12,13.439386383353513,92.629663311804,9.610861499240414,1019.0205508401165
2020-01-13,13.29489914711316,91.18526307201036,5.830564931849202,1018.6483625496583
2020-01-14,13.93442226003169,91.67271190339775,10.207591306181097,1018.224475648579
2020-01-15,15.003863192643708,100.0,11.22434740290727,1014.459870039643
2020-01-16,15.915799812631084,97.4003691629126,0.0,1014.0908555907589
2020-01-17,13.215037976255143,100.0,0.0,1018.3509000092761
2020-01-18,14.000698812766588,80.83654866292024,8.490382676896157,1021.5600499200273
2020-01-19,16.369119263206564,60.790973722274316,9.77586249942197,1018.1007306028994
2020-01-20,16.14987367025786,58.494327373029776,9.193969298375405,1016.5810548534735
2020-01-21,15.925677399279882,53.031968023293736,11.461811478727336,1020.0986284839862
2020-01-22,17.067128071005694,54.867104641586266,11.952500429484573,1020.4849170297127
2020-01-23,17.949150467069156,54.71397062722373,10.134477784109361,1019.6015172339766
2020-01-24,17.337357964101102,58.24788325112817,11.052510526226314,1019.1821704286984
2020-01-25,13.124874131764397,78.43544053310944,0.3468906801988263,1021.162204540083
2020-01-26,14.718003795741351,70.70394776344072,3.3969543267296873,1021.4086272964818
2020-01-27,14.920242995241987,84.44336401747648,6.849145957070276,1020.0384228506033
2020-01-28,15.748586943171233,73.48491187909937,0.0,1019.1360459069185
2020-01-29,16.104213185224545,76.51796686791448,2.46683581137325,1018.7958751681844
2020-01-30,14.384888114582726,78.07377475621581,7.751026737758959,1020.2747148609949
2020-01-31,11.548241528477536,82.06140812692513,4.351669190420324,1017.6157029638914
2020-02-01,12.246370877593826,77.54524107922637,6.820998917466114,1017.8009387565492
2020-02-02,11.657512337357943,79.5863472327266,6.339208543731713,1019.2691934293331
2020-02-03,11.946293903091945,88.53211940426348,5.75254844626174,1018.2428057617072
2020-02-04,11.400163116613346,91.20181633947543,4.778635233774858,1019.2095845689535
2020-02-05,13.626225149663998,77.79497649573173,3.843219631645399,1018.2603238864402
2020-02-06,16.162376384941403,68.07056240362928,10.982732214212996,1016.9555692147142
2020-02-07,17.203096289366023,58.699867848701814,9.39599755700392,1016.7285831602488
2020-02-08,17.908689688995022,58.39428439595143,1.2885998531384537,1017.1303855696428
2020-02-09,20.30478997399954,67.14147973673606,2.23823413800298,1015.5150534651624
2020-02-10,18.92470058808827,81.385503999251,2.632862494417311,1014.2483209973988
2020-02-11,15.690064046420154,87.56454142994293,2.301155064666303,1015.5708432590717
2020-02-12,18.029567465452708,80.37113290905867,6.582770122580799,1014.6627020538846
2020-02-13,17.09549236530529,82.94498774510683,3.9006419756206245,1015.225517085776
2020-02-14,18.97850848334178,67.29366724478707,4.795658337451132,1012.8517613848212
2020-02-15,17.02974349213843,67.33426990334632,8.074643449534083,1012.9852819344183
2020-02-16,18.776023695668577,65.29634917717809,9.024894577366108,1012.4133434406838
2020-02-17,18.646989676212044,78.87358709905966,0.19589664081336888,1011.5133728167144
2020-02-18,20.350456586100947,74.91615528563689,0.0,1013.491357310623
2020-02-19,20.91712558190997,68.7208629114399,4.78913054730233,1012.8799967054014
2020-02-20,17.948742562012125,69.59298992209344,2.817369199498793,1013.7931377502068
2020-02-21,18.44541619494769,61.719504427447,13.43503752089496,1014.4984239541542
2020-02-22,17.12833545484146,71.35364013458248,13.108765864684639,1015.4676970584134
2020-02-23,18.156397228415685,70.14407453119146,9.53690375847069,1014.3543257181218
2020-02-24,17.327772824121972,75.46997068191305,12.611674393615786,1013.9205944307716
2020-02-25,20.387241617009376,60.248325607706605,0.31525851906399005,1013.1461165674791
2020-02-26,19.594136432642603,57.96250534558569,6.976939708331889,1013.0128644093166
2020-02-27,20.593479641392925,59.08755305580114,5.024314736071831,1011.9415439840831
2020-02-28,19.709090290153604,64.98288829817027,4.097110351114666,1013.3798323936459
2020-02-29,21.473278627733468,64.65161461047265,8.082188979336998,1015.1002418648332
2020-03-01,21.43820519265828,62.37549853513923,10.956238005535855,1015.6005472464768
2020-03-02,19.650042782451234,68.9034079503337,4.963401087653301,1017.6606133326255
2020-03-03,20.438365423761923,61.4921854898447,3.3421529185015446,1016.8584332981592
2020-03-04,22.203297113306846,61.148368067381554,7.576809392162707,1013.239235957041
2020-03-05,22.078630949002136,64.61650396288717,4.945909053852236,1013.8537381456848
2020-03-06,24.657830973415415,60.459941591120035,8.615254789771988,1010.6209046424676
2020-03-07,24.37525856574367,59.26662657324136,8.207465322873347,1009.7000215385638
2020-03-08,22.171173058355013,67.17563036483068,0.0,1014.2449683390595
2020-03-09,19.421973766272757,69.58082512016952,0.0,1019.1747672390585
2020-03-10,20.87274297319708,63.8229394814964,0.5306223740863478,1020.2094040594089
2020-03-11,24.732228453162616,62.19193802701642,3.0043597738045857,1018.6768602615319
2020-03-12,26.150468168064638,56.195342399478,2.522348507370796,1016.6427850303419
2020-03-13,24.95656762120583,61.330067608150486,0.0,1014.4470418253914
2020-03-14,25.373599027588313,73.08915282214281,1.2482928793279058,1013.737151566832
2020-03-15,26.37252755738693,51.93872061504964,10.9443022651882,1011.6652240706528
2020-03-16,27.483148710642936,41.23765754412967,14.098785975706605,1007.7732810082696
2020-03-17,23.949810186955226,46.8602523671087,10.437378240849718,1009.5137317800854
2020-03-18,24.765523390095208,41.788983444836276,11.897241943347229,1012.9516580007328
2020-03-19,24.10896640918754,54.78792795485738,6.814172209192053,1011.6100521883237
2020-03-20,25.239483197942484,41.48881060584644,12.050936834228088,1011.1154568415363
2020-03-21,23.325267994807092,42.376888777880964,4.35712403262314,1009.6589113669496
2020-03-22,24.087336437745478,46.66215905791241,6.311017925122091,1008.0855133784435
2020-03-23,23.756100816734808,49.32373899472709,2.7250259698025303,1007.6657183552238
2020-03-24,25.658245517493956,43.38388004362394,12.489863355976079,1008.706829145988
2020-03-25,25.194661135145513,52.68469272854528,7.600726085625532,1008.7063164899262
2020-03-26,27.639235852067078,52.03086155358228,9.293998707443292,1009.5667191732177
2020-03-27,28.50868389727595,44.45228323680868,13.097860301934485,1009.9937862717316
2020-03-28,28.348728614758198,33.76421911571189,8.108268231335568,1012.4146614328315
2020-03-29,28.42232980316171,29.927071524583113,6.73537777171884,1011.7496902118572
2020-03-30,26.371131200340503,48.34799904726166,0.5848342790525987,1009.0927170460842
2020-03-31,27.551070286597888,41.98738178851959,6.682469372959858,1008.6143977308238
2020-04-01,26.521428200872187,54.09490478473328,8.83508117015251,1008.3849093995545
2020-04-02,30.742461852972863,40.81800994047288,8.907922006100723,1006.9011782483583
2020-04-03,31.02919214093169,35.378267695804354,10.805164022147782,1008.5068588965495
2020-04-04,29.683352289116304,32.48175644914137,5.802440214633826,1009.5962294641422
2020-04-05,30.17326695343112,22.25426257509291,4.410882666435191,1009.4154506564853
2020-04-06,31.9493210483068,24.55111337789091,7.298608564952589,1009.3362932431203
2020-04-07,29.494971148994363,34.1513336152612,9.447126955761103,1008.8630108587374
2020-04-08,30.90509668636078,27.183165807269614,14.702551770896244,1007.7271446975868
2020-04-09,32.16856064087379,31.236148857870667,10.983250846935507,1005.9497825157617
2020-04-10,30.853017108219333,30.010993195603174,14.069771834294892,1006.0571352470846
2020-04-11,30.368706919946508,44.10954708823898,7.917895933283103,1006.1978968627984
2020-04-12,30.56785561859513,49.6995999799613,7.685321133916853,1006.2181767974291
2020-04-13,31.06453985875666,34.71649535334292,11.94995834480008,1008.9610367476312
2020-04-14,29.70466003607193,40.72658082315979,10.857712205597938,1005.8968835368808
2020-04-15,32.249409229841575,35.11112923609851,10.148069234358582,1005.7795098953543
2020-04-16,31.48883467689762,29.16155528133308,8.537988283648414,1008.4851376695926
2020-04-17,31.502718687973577,26.24787035608949,4.118379782823308,1007.2802243380714
2020-04-18,31.18606163347489,29.74258988962957,6.612396634438293,1005.3148042219109
2020-04-19,30.289712300426675,33.19829315193603,5.013129985286907,1003.900674935921
2020-04-20,30.410256088638047,29.847701069202774,16.29483573458468,1004.5570504253066
2020-04-21,30.38593038538859,25.75426603311932,13.369755040111267,1007.4261037632153
2020-04-22,31.550550353752744,19.06039264019412,12.659527184928402,1005.5111866422008
2020-04-23,34.35169402405212,10.0,20.989144941299664,1004.1573617274066
2020-04-24,32.525085431790096,17.025396495589952,14.312748946353407,1004.8072569153109
2020-04-25,34.239395554984725,16.890495138519,10.206213600738545,1006.2016185706681
2020-04-26,32.96407116470603,23.966247041660843,11.885224961166855,1004.8854194795132
2020-04-27,34.62930413580378,29.14192061702471,8.019666813692302,1003.6304227587129
2020-04-28,35.158959860751295,25.23341951729608,6.188296959524282,1001.1530870505719
2020-04-29,32.95695647518584,31.78367204924256,12.512729574375067,1002.4588217673979
2020-04-30,32.998262291619994,30.72242007035454,14.130145714213599,1003.2978037999369
2020-05-01,31.6284239697775,35.803986212434914,13.696241566270471,1004.7435957224448
2020-05-02,33.162394756664824,25.155621407377446,2.6315389839350463,1003.8269438695175
2020-05-03,35.46987042946266,28.031871697382222,0.47920518936500756,1004.9834104559951
2020-05-04,33.87800201182479,40.63417840632244,1.1576523497913414,1002.7041944717406
2020-05-05,36.433835769655396,31.622285634814777,3.6009495666992226,1001.5494581214987
2020-05-06,36.721911834574314,33.44311698125667,6.653526889490169,1005.0140787406443
2020-05-07,34.77705527394807,34.484013069039364,7.046962762427595,1005.4524632519747
2020-05-08,32.84883993915476,41.13686846176156,7.073286170120771,1005.0357715954453
2020-05-09,34.27862419651788,28.17318671762616,11.035413887900262,1002.5650164079609
2020-05-10,35.51763089944061,14.54165976224147,10.182222429296115,1002.4663717885271
2020-05-11,34.226503903337196,23.57930817957213,15.991017440639018,1003.3199830668163
2020-05-12,33.359072072495884,35.68145816706722,11.341691762800874,1001.3329355756033
2020-05-13,33.64394830418784,26.970327791914517,5.603890579405542,1002.5559473452321
2020-05-14,31.38368349768179,37.64517579193758,14.410557639984495,1001.2896319585907
2020-05-15,33.05260749220602,31.852435204790414,6.914686473957137,999.4007456997189
2020-05-16,32.030903135589476,34.47400417384604,9.751582126604113,998.734449373748
2020-05-17,31.03547332869269,44.416699228180335,9.95501076436961,998.2954578711103
2020-05-18,30.15495475889548,39.24927177516558,11.88719065922253,1000.6016091922876
2020-05-19,30.878671814879254,27.66094733535237,12.710071494024323,1002.1417315212931
2020-05-20,32.645403707573585,27.913488703165108,5.003090348837659,1001.9508023948009
2020-05-21,33.45792823506547,38.331091771898556,6.542198223299277,1001.7737889777263
2020-05-22,33.42364021747787,35.14926083821562,6.614349789316991,999.2441116029316
2020-05-23,34.0431163686552,30.182615412623463,13.596819598358188,1002.3970597046601
2020-05-24,33.694725962949505,23.77571917818038,7.3797997003915015,1004.3307897033154
2020-05-25,34.169569797946714,25.041351813680528,11.135603341319866,1002.4280697170761
2020-05-26,31.901465741420413,34.4752773715399,8.746572475502344,1002.583482987775
2020-05-27,34.34627390405121,30.410864688298826,6.0524260190581565,1002.2850000463961
2020-05-28,35.786710396172374,31.697297526418552,10.009141753693108,1001.3336126303626
2020-05-29,33.915930048327624,32.639796242828865,13.96911634835672,998.8194425632479
2020-05-30,30.895471538789963,43.74299444423517,13.8012831366946,1000.3677850816764
2020-05-31,31.070965794104936,41.56521059792989,8.058108750352226,999.9341563722701
2020-06-01,32.63160273323762,45.2365332210249,4.59515905539012,999.2714170461826
2020-06-02,32.07150612338924,47.71982211004023,5.467824272462736,999.3394933030366
2020-06-03,32.58989446338301,39.508761723598425,16.068615119958963,1002.0240382911188
2020-06-04,31.948753502287325,43.270186944298274,13.439609539089966,1002.2057984648602
2020-06-05,32.159662797153985,47.12266859247895,8.4821409523019,999.2328137341713
2020-06-06,32.40542536617191,54.117945855700405,3.3809317011268263,999.0637313098597
2020-06-07,32.89141832497426,45.56432750615048,8.851298685380018,999.3413182947646
2020-06-08,32.75390477154385,38.15197575928987,16.948711830375615,1000.2570599360537
2020-06-09,33.70506370135393,46.05475304351372,9.004862245378314,999.6195610724437
2020-06-10,32.31830171575171,59.7978528540035,6.292864864831924,1000.7190644621664
2020-06-11,31.952186854577384,63.1548641759636,3.971530122236178,1001.8040386167454
2020-06-12,32.02459970578198,51.403839023639904,14.764862399260654,1001.3944724239722
2020-06-13,31.35651570244294,51.15964284034762,7.215463764359494,1000.209548720629
2020-06-14,31.64162699689407,50.239355905576716,12.435176877628457,997.6947934390826
2020-06-15,32.15388122561388,47.48168434950914,5.989057508129807,998.0343596282379
2020-06-16,32.29543668039625,51.9389987937931,0.0,998.4264063117857
2020-06-17,31.699436799666447,51.22603516598578,10.332189703018717,997.3383101798977
2020-06-18,31.6026728681614,50.831523959899485,12.939733648139445,994.3835337422281
2020-06-19,32.29393600269113,44.4073443607936,9.912697805342763,994.9111254681309
2020-06-20,33.72506562715547,52.480078658030905,5.46738705509309,997.1409516521879
2020-06-21,32.52642156520145,66.13895316319415,3.3919983762718857,998.5181975406529
2020-06-22,32.49943211141081,71.33059214730241,0.0,999.0456959942234
2020-06-23,31.63311876895882,65.0629604475275,10.370973986201083,999.7916830656361
2020-06-24,31.207613251043693,65.18730698027659,13.803074608731112,1000.7826309997984
2020-06-25,29.734347873001123,71.8231263305016,9.888706034191326,1003.0852156375605
2020-06-26,32.288892852346194,71.64690483299674,10.603604353770326,1004.6826571081565
2020-06-27,33.5717981102603,73.92552829361668,2.964671645560344,1007.4711877108973
2020-06-28,31.21673658476706,77.202644782999,5.407447835578482,1005.3238321807038
2020-06-29,30.007355608389275,77.2863976506576,12.101676696162352,1004.7068726476394
2020-06-30,31.531540488083426,60.2231561558,9.845612622026243,1002.2191520511217
2020-07-01,29.764779116578936,61.17108465821589,11.10520865435539,998.5815880624184
2020-07-02,31.972205835385815,58.67420348932325,5.629959423687521,997.419705459866
2020-07-03,30.687918019101467,72.86376783686913,4.043777257958781,998.860786530724
2020-07-04,28.49375811171261,76.18127621704461,4.3350667659774,999.352895573736
2020-07-05,32.25481235899308,65.53320870219326,7.6951813686118005,998.685325087859
2020-07-06,33.12931237695962,70.77133926871461,3.3514366325043143,997.8066666133844
2020-07-07,32.24244072141603,77.0924018505428,9.268001935007918,996.5276350455716
2020-07-08,34.03074550902361,73.26698578400305,6.252540646398391,994.7175264891754
2020-07-09,34.61882748573793,65.92323743231303,11.067472684276964,996.5932706623918
2020-07-10,34.757892270431675,55.190275329419556,9.800663629879125,997.0045250067482
2020-07-11,32.702694138146605,65.44842878553432,10.636073955209806,997.9428792828495
2020-07-12,32.096862973247426,70.96243701528515,12.813964836440256,998.2655716941682
2020-07-13,33.042578164412156,62.99502308200242,4.951473810510137,996.7709691721425
2020-07-14,33.410687527766484,69.51702558381298,6.296555027070697,995.2079932998416
2020-07-15,31.01895716429688,78.2980223395089,5.78607351636367,996.4805280594964
2020-07-16,30.66098495575497,78.57853783676842,7.879102075669655,997.2868625034328
2020-07-17,28.22735736324218,94.85659609871962,9.198761115592104,997.4557233607196
2020-07-18,28.136893285123442,96.50534966040735,7.430047534897326,998.2758957590465
2020-07-19,30.23061306021424,87.42395370018335,0.0,998.6165666884856
2020-07-20,28.225082864327096,94.79090739097117,1.5996971172166567,1001.0582206008103
2020-07-21,29.132935876647178,79.33151544003844,8.19489109811503,999.769826005656
2020-07-22,28.584188324832347,70.03468967574125,9.146729731743601,1000.624573913386
2020-07-23,27.921373880412517,72.941895742066,9.634620517977504,1000.3084633842604
2020-07-24,28.260574588998573,84.66562494145539,4.659414319938511,1000.5605379301188
2020-07-25,30.86984132287854,76.56525362417702,6.513365753823457,998.5520570372697
2020-07-26,30.463792647833532,74.74560296684086,5.7668944850113135,998.7939173064968
2020-07-27,30.56907982056903,62.87442319150708,13.594450054422238,999.1276489860467
2020-07-28,31.38014824216993,55.30498304751552,14.331144446795303,997.6634906746222
2020-07-29,31.45095294762196,53.044430885636245,12.213972005164186,999.2363372320979
2020-07-30,30.810704550204303,66.59899414428375,11.278611416663752,1000.2495064313505
2020-07-31,28.03270576151817,74.07252053289001,7.175250989817176,1003.2683294347385
2020-08-01,30.939080350330265,72.55835622843934,11.715737941932119,1005.7823741142169
2020-08-02,30.261943383395444,76.56260606264235,9.012953699626546,1007.451058088069
2020-08-03,28.955910922980927,95.89989393891291,3.2343499333285477,1005.4309951192744
2020-08-04,32.382983148138635,75.28855313842811,6.093366452367362,1003.1439375145211
2020-08-05,33.00552795493303,74.41186359432622,8.910849716994393,1002.280234158906
2020-08-06,30.51922498970992,76.86921953166556,0.29003107956204843,1003.8471001923326
2020-08-07,30.236502064051017,77.0716593263099,4.80817946733477,1005.3526259117795
2020-08-08,30.046996056164563,71.99984782736227,1.1252380854578634,1004.6441257692995
2020-08-09,31.47829204759797,81.71448629755949,2.6489399184722346,1003.1621257389279
2020-08-10,31.576978884815343,85.9851997654695,1.258857627541965,1001.6334388309282
2020-08-11,31.183460024844877,92.31247110194406,0.4274469676267989,1000.334445467128
2020-08-12,31.000029018449954,85.73013285638208,4.279998532076058,1001.129547992097
2020-08-13,30.069490471176845,80.18046431261075,7.938887141310561,1000.6237441271629
2020-08-14,31.140197644487642,83.03421491506994,3.1544741675652306,999.9889686740477
2020-08-15,29.102472126525655,85.43970587179592,7.071200809245556,1002.989910738932
2020-08-16,31.53445530846584,75.86928238826067,5.280367187856443,1001.2866560773274
2020-08-17,32.62543504516005,69.4570259692719,8.086528199009404,999.7199973629541
2020-08-18,29.89905566060534,78.9599637509014,8.684083033673886,1003.3455383744495
2020-08-19,26.451815859784986,70.39206922150284,9.98705144910507,1006.0414642355707
2020-08-20,25.27109048047634,69.65769457882014,8.828882853192537,1002.8268255480422
2020-08-21,25.870334678386595,75.82854411911593,9.474894557472627,1001.9791939751934
2020-08-22,28.660878257234167,71.19388064274372,4.074723918682677,1003.3555276212301
2020-08-23,29.787060614101446,70.09815489578337,0.0,1003.1684857689443
2020-08-24,30.788279341517615,70.96492024213707,2.651031310112592,997.850681746789
2020-08-25,32.77178367567004,62.56774277586751,7.917488690558403,998.7080960702426
2020-08-26,31.793879619506566,54.50468885637672,11.457437335230022,1000.1175314185317
2020-08-27,28.88166712760708,64.35074065403668,13.793628448191512,1002.3477902612648
2020-08-28,26.71386482691643,68.13705993798344,6.604535840023244,1003.4916174367868
2020-08-29,28.110437391579453,68.17688624413036,8.734346898179675,1005.4715667449309
2020-08-30,28.608039441469522,63.781750150475624,7.24879268069191,1006.6937051577046
2020-08-31,30.97216713385331,50.535232315934735,5.0301764423723085,1004.2700987600952
2020-09-01,31.379419874669903,51.43925075635212,3.782020335240945,1004.8303085041019
2020-09-02,31.316510410603094,60.73417595045069,9.167304956055002,1005.77607222535
2020-09-03,29.61891213608161,64.23492413604355,4.086763348542928,1005.3758791461023
2020-09-04,28.32477884836889,69.37209753566152,5.72197194804387,1006.6589346148772
2020-09-05,27.65362458238179,74.89816749817093,3.67357175777407,1003.9152877991496
2020-09-06,25.921043800388627,84.73338148669902,4.147588102203043,1002.3770948514144
2020-09-07,26.439643291088665,81.72517360473391,2.437478580646692,1003.3501784384184
2020-09-08,31.520839823828656,66.77124766186242,6.040896519571981,1003.1904116675167
2020-09-09,28.281050063872645,79.83396923337743,9.008357866289394,1004.5895982523086
2020-09-10,30.54206625834012,75.09074794515928,11.596941955055527,1004.1766155498223
2020-09-11,30.49803341112531,77.58968850680749,6.483959715059495,1004.7991309251892
2020-09-12,29.324161080316664,87.40077104172246,8.112585727630687,1007.2600374914624
2020-09-13,28.808891282449842,77.62882725475285,8.389374478532451,1006.3286989297902
2020-09-14,29.600916947250685,78.44801030250228,10.152493714200094,1006.3147035654704
2020-09-15,29.083473465346447,73.71810591991765,11.207784828114592,1006.0373738805856
2020-09-16,29.462560454508978,66.51326933857413,4.6174120684898785,1005.9111848906695
2020-09-17,28.736053063245663,58.937392240419896,5.9585632676306854,1006.6650583698068
2020-09-18,29.962283509003644,56.32684804677562,12.749753326047554,1004.474694789997
2020-09-19,31.853477797081567,49.94793277296728,1.8781837938221733,1006.8192540700903
2020-09-20,32.421846353324064,63.6062749036084,4.510599508791015,1008.0870376533451
2020-09-21,33.332502081406304,56.09921973200078,10.037179446972914,1007.0759776189946
2020-09-22,31.177736522737074,62.45713960909261,13.76389218937591,1007.0136072814246
2020-09-23,28.05555507161399,63.6698086952961,17.278000095229658,1009.6200272401696
2020-09-24,27.871372746433302,59.59524086653303,12.13902600167765,1010.4600476714745
2020-09-25,28.037103831246597,66.10190426263277,18.470421490133937,1009.3751903859733
2020-09-26,28.06579849050281,62.176988156678576,7.635081921565938,1011.2067789701123
2020-09-27,28.234539437251488,65.38172439339971,0.7861604435474332,1009.2513367626856
2020-09-28,29.939806604230753,58.581957237710796,4.062252294870044,1005.5773106501832
2020-09-29,30.4106371611681,59.562148553149264,4.637818054865745,1005.4563894763112
2020-09-30,31.36462172252419,45.126884401379655,15.637678099090518,1005.2364700298642
2020-10-01,31.961677536248473,47.66688040870833,7.748489258437122,1006.9046522059372
2020-10-02,29.026838463157794,67.78715047606502,0.0,1009.9891947289151
2020-10-03,26.132853731853633,73.97950429919513,1.5942906975427,1011.7881115296389
2020-10-04,24.20080882144948,72.97848871894327,5.19882551703164,1009.449761025079
2020-10-05,23.987737341217354,83.4828327077959,0.0,1006.9566003148379
2020-10-06,25.990675498480563,80.517478525066,0.0,1007.9751504606386
2020-10-07,24.191895078867063,81.23742741029186,4.307086127783271,1012.1164791573591
2020-10-08,23.985746301496956,80.83362838435426,2.797565857684391,1011.5580404738312
2020-10-09,25.122527237366725,76.45202753718972,2.0930067740401546,1013.4030003901075
2020-10-10,25.350320240516766,76.38713677063626,2.8543194509741276,1013.5822000247792
2020-10-11,27.141599864675843,69.56249655318248,7.954339750670282,1013.6673694327129
2020-10-12,24.84708435972665,72.25007471450535,3.9893249164647413,1012.1850681818523
2020-10-13,25.1408815064488,66.85464151633543,5.264711204014923,1013.0983358617585
2020-10-14,25.383139430996792,67.43005164900448,0.0,1012.4567516280631
2020-10-15,24.49876869903139,65.56642642884951,5.989519109098248,1010.7716358931892
2020-10-16,27.090640665534806,55.54321900508912,6.760952451092078,1010.4284446554748
2020-10-17,24.65386680987386,65.64454448400839,12.878834351540158,1010.7339902361052
2020-10-18,24.666717495225253,63.46254039588345,3.904406274832903,1013.814639277368
2020-10-19,26.225973366109216,51.79680341164991,12.082907268043435,1013.9672417673918
2020-10-20,24.72594669087456,59.634925931236495,2.1705735710508414,1014.5223757163518
2020-10-21,24.24725448325397,66.99813006982535,3.836626953467732,1013.7011470043093
2020-10-22,23.642154690043803,68.30856901789033,3.659292254274837,1014.4569526970408
2020-10-23,22.440573364387816,56.81865060328514,5.168888197248453,1013.2149423779791
2020-10-24,22.89945483426793,53.96786520003708,0.0,1012.5220107189061
2020-10-25,20.263482696802342,67.09566635510609,0.0,1014.687805671312
2020-10-26,23.08786900154515,53.023880911781575,1.4939845818477524,1014.5399982959929
2020-10-27,22.64959840016501,59.70028269548247,0.17591088529024912,1014.5437275620494
2020-10-28,22.589293785659546,61.05026091352624,2.4145511015728003,1012.9909354050046
2020-10-29,21.53948833948511,63.95556064599831,4.285211854456659,1014.8739553960287
2020-10-30,21.634942063951723,66.04602560818482,5.882488901157484,1016.196159855811
2020-10-31,23.56949768859921,60.82255954547609,6.616829604019674,1014.2097010382582
2020-11-01,22.665373209263514,69.07871547585984,3.7778746830057703,1013.9928928735656
2020-11-02,24.336503958523927,73.54751313306348,3.5585103890378402,1011.0708117811312
2020-11-03,23.14948437579522,76.30079157340894,0.26894171064178796,1012.456245563228
2020-11-04,23.11849942462052,74.24127832331956,13.296144867296242,1013.9771390621564
2020-11-05,22.710113055538386,71.84393782501743,0.0,1014.3827934243299
2020-11-06,21.542246316676668,74.93560434300497,4.759702404398613,1015.4477464636891
2020-11-07,24.105342007980155,64.7101419094881,0.7022969510927579,1015.0542694677041
2020-11-08,22.762163952262092,61.19978688838964,0.0,1012.9718020191227
2020-11-09,24.34009022577998,49.68285343405898,0.0,1012.3940233299679
2020-11-10,22.989222640125767,54.494573387203076,1.0891828226299967,1012.8290396833914
2020-11-11,21.64751561733245,63.10503390141727,0.0,1013.7948875780036
2020-11-12,21.878058440523095,56.82701725860577,8.324100366635756,1014.7995673444389
2020-11-13,20.121964212998577,61.92185894479739,3.0136439096053693,1017.7588583100955
2020-11-14,17.937584484127676,68.66845729501729,0.863149612160595,1018.6101381588367
2020-11-15,18.57312318409194,63.42623958009648,0.72277870055966,1016.9985406933496
2020-11-16,17.612007980363238,82.1764071546024,2.7454569350554463,1015.2583341888873
2020-11-17,20.54687359015951,71.85144336007652,2.9450035195079143,1014.8173988661006
2020-11-18,19.868435276320085,70.20169607672841,4.9464282015188665,1014.1543046669894
2020-11-19,20.331875346518608,70.5811164978411,1.9746946881118466,1015.5847011396394
2020-11-20,18.94029272390671,83.12071782862591,0.9651398951616477,1017.0776690800303
2020-11-21,15.753070577295494,100.0,0.0,1018.1236281192874
2020-11-22,16.671177469893852,95.15103759826918,2.1114227138549357,1015.0650664940845
2020-11-23,16.31616478070665,79.68157084920585,2.5291938882797833,1012.9877044545851
2020-11-24,16.933748950353902,64.47926087164284,9.709225396919363,1012.4845288480925
2020-11-25,16.830245749966426,63.110482040139246,3.160911224232909,1012.0680327398784
2020-11-26,17.160312397543194,71.71458394385276,2.153951926475167,1015.036031743293
2020-11-27,16.17804328817315,77.89406262488994,3.053126862427894,1017.9497307423816
2020-11-28,17.912329222372787,70.48943575890767,0.0,1019.6133418784395
2020-11-29,15.430528153140802,65.90993838391951,0.0,1020.3339758212345
2020-11-30,14.708934819355465,72.62253697761723,0.0,1018.8946066904084
2020-12-01,15.808550241986666,80.46850990559881,0.0,1016.7294969180364
2020-12-02,15.76141844627201,69.5533036073536,4.5150186878586815,1012.8142448401815
2020-12-03,15.789785883681878,60.12294094972835,8.404062822655623,1012.8420156464114
2020-12-04,16.805681777371507,50.13471001850947,2.943199278028613,1014.6228746803625
2020-12-05,16.957400927029745,50.570265466533755,7.582847829807047,1013.79436266584
2020-12-06,12.78668353071251,68.64639625930249,4.857136034555252,1015.914973927705
2020-12-07,14.60244592783783,64.00061388155183,7.565827472510113,1014.0613685915272
2020-12-08,17.38396513672213,55.744589696475614,3.119449793389644,1012.2969492309873
2020-12-09,16.654740503017415,62.70586592178026,6.677669441423027,1012.2036121917082
2020-12-10,16.509872310598336,64.12997804080749,4.0164412094071045,1011.9309286402363
2020-12-11,16.818003044873127,65.357257958234,8.578771428622833,1013.8434673052524
2020-12-12,15.737324254458986,61.31512733330078,3.047168664138013,1014.8192110038816
2020-12-13,16.107901364368022,56.91319924051567,6.217542668971653,1016.5168975625837
2020-12-14,16.53932866019551,49.2587950027048,6.504542224834179,1016.6243053014485
2020-12-15,16.547114052401554,56.376114194932676,1.2950968057050076,1015.0718448493892
2020-12-16,15.62074911208348,63.470281966116495,3.0084895017171847,1015.8666476389548
2020-12-17,15.333142554206146,68.73735895824431,0.0,1017.2643004549805
2020-12-18,14.772927227081984,72.43320389564121,6.218540954281469,1018.9397392658908
2020-12-19,14.355284241171933,68.10386506377752,2.7226166552014774,1018.7165702546341
2020-12-20,14.875278842581375,60.87668836500967,7.082345997332623,1020.6129485912332
2020-12-21,16.409550073777194,62.3386162005846,12.683582295034503,1021.3189656283519
2020-12-22,17.75838943739093,52.374434103734075,9.521746886482529,1018.6227896473551
2020-12-23,15.189799395516024,60.79935469752185,11.046086082814202,1017.9306227610491
2020-12-24,16.059972835941757,51.1815839249244,5.478605410518028,1019.6266642719974
2020-12-25,16.437285972031496,56.72241987495115,6.574682387826694,1019.6375272690055
2020-12-26,17.688190081588214,60.794156032174726,0.3017961533836475,1016.8862568287838
2020-12-27,17.499136619521234,63.790401447704156,9.961760464534663,1018.3669614154956
2020-12-28,17.113994281013,59.00236254779142,8.290265614542777,1016.9520173816348
2020-12-29,15.221001059695224,81.39066899654149,0.0,1016.6453584912648
2020-12-30,14.03794545986808,75.82197693808646,0.0,1017.121801480067
2020-12-31,15.405690124316276,80.37044382834647,3.49067276538799,1016.2160854552943
2021-01-01,16.358345434843773,69.50466165974774,0.0,1016.8441023457765
2021-01-02,13.928327540039607,70.76906465698741,4.353900118291605,1018.8626294225047
2021-01-03,11.962034291310424,71.77973365517879,8.146499476050824,1021.4270231041567
2021-01-04,13.88866700645119,61.87942115166297,6.376086927395263,1019.7512041209303
2021-01-05,12.650240336001197,59.43682448734551,6.801881353332853,1020.2128988629673
2021-01-06,13.070855066233397,61.49691926383341,10.681944691802384,1020.4397996803324
2021-01-07,12.688928822408869,60.64797031323597,10.917091214000015,1020.1849999385641
2021-01-08,14.665007001176521,60.706264858817164,0.4215711381751719,1020.5431513656997
2021-01-09,15.660102612191405,65.83478294204329,0.0,1018.494470669294
2021-01-10,16.18052585709638,69.23442458580085,6.200576349306716,1016.1550211470927
2021-01-11,17.094341507634535,65.68856225525762,0.3916524527178433,1016.8037954698988
2021-01-12,17.379251504238905,69.42753652366136,3.525513689949572,1016.3972218272229
2021-01-13,16.61559694738426,72.3754826370762,9.997093765753045,1015.9730925510794
2021-01-14,16.63896104234988,68.74958992073263,6.025359431159789,1017.4245833086031
2021-01-15,12.67629421620826,75.44456303357963,4.877179932736247,1019.1253290960741
2021-01-16,12.871288457041587,74.46483981375731,0.38039993116152626,1019.6020936229276
2021-01-17,11.181895811789644,86.52146670423755,0.0,1017.6165305141027
2021-01-18,12.645810208433053,78.52953593466415,2.135429519346075,1018.508711111443
2021-01-19,14.1743067154908,77.68881104472358,7.4707522648551,1017.3032689575515
2021-01-20,16.062610508105617,63.731550466466054,8.408061143962197,1016.0268161097921
2021-01-21,16.28856263159065,64.94058788969905,8.603023017073845,1013.7403374058346
2021-01-22,14.659680167893548,65.60026451458828,5.682800538748356,1013.6158296518563
2021-01-23,13.467147436009952,65.6267936629732,6.704450667907946,1014.825154329611
2021-01-24,11.574246238912512,82.07287469313114,6.144004936697817,1016.3010074609808
2021-01-25,14.352779949688854,62.90872790881408,10.625134934493648,1016.0414110169179
2021-01-26,13.613946152861587,60.44914130460756,7.793838773329106,1016.439192594029
2021-01-27,15.256290690888397,61.95603945352151,15.331296544541454,1016.6918960403252
2021-01-28,12.358515061237725,65.51102519497579,6.520725951059537,1019.3015473002334
2021-01-29,13.80786934296999,71.3381633526901,7.768118441406345,1019.9296639853834
2021-01-30,16.33643932679744,70.81436340652836,9.69211584973252,1021.7864975008988
2021-01-31,15.703408113580357,71.61848249196936,6.855118009357101,1020.2701696969954
2021-02-01,17.439157893975832,77.39519608104064,6.89946718096461,1017.9740105747875
2021-02-02,17.237045652117846,83.16443228786986,7.680379624567289,1019.6112708296014
2021-02-03,18.94233850828516,75.25140140037998,5.25224967315271,1018.0785340627964
2021-02-04,19.981027627999715,68.87022768322068,5.492897705067226,1015.3874636762835
2021-02-05,20.83749816773118,69.58079983000565,7.026854893580876,1013.3539299506575
2021-02-06,15.832523658118872,81.64305189327216,6.463205052359968,1013.1311374354102
2021-02-07,15.640925449088323,68.54294518324615,6.759993551276863,1014.9769075232904
2021-02-08,14.375785027524655,81.18222816699233,11.989662560289407,1014.8043774956861
2021-02-09,16.53574550604175,76.0708954856546,1.6907092375613253,1012.052004667413
2021-02-10,15.850209775109185,73.09749862312596,10.194407805588208,1013.9737320319045
2021-02-11,17.185493987981072,70.70757996554948,10.970943645959817,1015.8042833611905
2021-02-12,15.820404900522867,72.51557891733216,11.799793055641,1016.209806963392
2021-02-13,16.099462611515495,63.2572887469176,9.38937257440609,1016.5775018317422
2021-02-14,16.12114096826637,64.85297896488305,10.577565335593087,1014.7616958746524
2021-02-15,17.050463453332576,68.39339462165628,3.7132859227989825,1014.9687789519303
2021-02-16,19.149622762589864,66.9624819135322,4.507103927018594,1017.4810443858169
2021-02-17,18.623485760454614,63.337273029955256,7.770061033008731,1019.246945963647
2021-02-18,16.997086446547705,78.53348405112018,9.475513565623977,1016.4682717616524
2021-02-19,18.989748158292596,85.47090500888973,2.647250382217936,1017.8191214795442
2021-02-20,17.39463281420021,92.37914708791595,8.813175353590248,1018.7902803133842
2021-02-21,20.855523984468213,79.90149715210589,9.43907422051712,1016.8818410860584
2021-02-22,19.55178473746529,80.92608985011344,6.258269920092696,1015.7278334080389
2021-02-23,18.79388039454997,74.69872395792304,6.64450150829753,1015.006855694057
2021-02-24,18.05519932431518,74.10654879217418,7.6942092437781735,1016.8724418343
2021-02-25,16.186741718730595,77.28514933532598,6.332404683640997,1015.2692173102648
2021-02-26,18.383594237738098,80.89584751352578,5.531768710400445,1016.8813014588982
2021-02-27,19.441774980695065,76.69020256459318,4.568259237734109,1016.1924537608558
2021-02-28,19.479465727837223,69.79293868038889,0.0,1016.5314170816521
2021-03-01,17.483664555378127,79.3273355993162,2.9267058012257925,1015.5137921278421
2021-03-02,18.01664691080896,67.99646779266868,7.4024015847632265,1015.2499439177803
2021-03-03,17.184902811816418,66.22859877291705,8.42895026004952,1015.7508876062086
2021-03-04,15.890613252810024,78.7143067903708,1.1782851443444589,1016.338980263719
2021-03-05,13.929412993393933,78.65287303247923,0.6678350039632415,1019.5321430260957
2021-03-06,13.78510313117941,75.0023722379862,0.0,1019.0853666358537
2021-03-07,14.225393457186488,80.36007205008359,4.815887476424832,1018.176474382169
2021-03-08,16.40319448544435,74.44930173935049,9.014759776416327,1018.2982644412964
2021-03-09,18.23972878914632,78.37852812336862,5.382847515811076,1015.6939733883473
2021-03-10,21.26704696284316,74.00338664360116,1.723119420866472,1015.0839657665
2021-03-11,22.3212236670505,66.48483988525427,0.2048330797371598,1012.9391772496805
2021-03-12,25.510912056627532,51.657665240069534,12.488215093142285,1008.2584770012098
2021-03-13,23.657947092544255,51.173079857545474,21.014030496465942,1009.9934376839707
2021-03-14,23.289144672362486,53.52969963499585,17.340783195182922,1010.7844432016
2021-03-15,23.536170976919724,46.9252366423118,10.341610694914019,1012.6014600644386
2021-03-16,25.702007609727016,43.29800353639712,4.309234035218493,1011.1371772164434
2021-03-17,28.4986071434025,38.08354270514839,7.899977477983271,1011.183969545633
2021-03-18,27.854955913335832,45.90869965414353,4.535345438160565,1008.4577745507452
2021-03-19,27.30102375860062,45.175397544021365,4.89919605321148,1008.1066466736652
2021-03-20,27.41059302028092,46.25388116491931,7.2607432754268295,1008.8540996770981
2021-03-21,27.957994749964236,44.140802286990485,1.2219602537601881,1007.8088054837208
2021-03-22,28.76865285273805,41.39445058323381,14.626093331488391,1008.4334586500177
2021-03-23,27.265907517509795,51.07214230492697,11.622437589244376,1008.8432746784749
2021-03-24,28.719353381075123,54.44739490691295,7.7976519548682806,1009.458840110985
2021-03-25,28.099603889024884,52.15425750429261,14.792519882172831,1011.083648165637
2021-03-26,26.988867209452238,46.05886474154057,7.002689955109288,1014.126761539555
2021-03-27,26.61503000732601,45.095110202709805,8.400183528114425,1013.7869758918464
2021-03-28,25.696941890710985,52.47362449211508,6.627770955770875,1013.5770300960548
2021-03-29,24.822214388147703,55.65018001614289,11.723580314027672,1013.3062093922974
2021-03-30,26.77219637227322,54.64066554431834,4.9201221929434595,1012.7332966755297
2021-03-31,28.32275790194727,39.98156115268417,10.045704100231632,1011.6247295593756
2021-04-01,29.41453491380594,40.06480174100535,6.3355206737626695,1011.0549342914998
2021-04-02,29.016703652392863,51.6443549927019,1.3364522345898866,1011.219566832029
2021-04-03,27.528122042156035,53.91775081158699,3.863141240531525,1010.8516762850618
2021-04-04,28.475353954486316,50.050295844203156,9.15086555570302,1011.9234763724779
2021-04-05,28.78190967828373,48.45985825063943,7.642084734369465,1010.2149092974016
2021-04-06,30.40543040884247,47.628660051944976,2.1177196472555293,1006.5215878297548
2021-04-07,31.232128590726486,52.24994581859328,2.6228685075075795,1006.2794574624925
2021-04-08,29.7458797446426,53.15295150060807,4.947657832194695,1006.2900157215298
2021-04-09,29.288495299417573,38.44039809096136,6.929856093414499,1004.6164629670674
2021-04-10,27.159078918574444,35.58347617344612,11.752974567764976,1004.2670716043153
2021-04-11,30.72476546495403,21.43615882687351,12.821625340560704,1007.9450535315152
2021-04-12,29.575805025691785,28.806698260159685,11.106114142033576,1009.1929393465882
2021-04-13,27.673665704449764,54.28362619252388,4.982977007027273,1009.094722961159
2021-04-14,26.549783478546786,52.808806780225915,4.484096731818845,1008.2231212062774
2021-04-15,25.31680974548207,55.57118537959839,6.252242893024623,1011.3632309025593
2021-04-16,23.217015180190632,68.67384873324775,3.3322467126358273,1009.3463614694815
2021-04-17,23.320370699820934,60.01266144312116,1.636435652333052,1011.3784037584509
2021-04-18,25.432958538361454,44.77814740857753,7.550553562761281,1012.3080692071022
2021-04-19,24.67861027413239,41.091872387525164,9.13160778215314,1011.9425298947225
2021-04-20,27.347212137076916,32.33407792447295,2.9511711550021094,1010.0857678444751
2021-04-21,28.00347604033935,35.37027249017182,11.33079615436119,1008.9306557285961
2021-04-22,30.328203878659927,28.08413601012213,13.378035516245035,1007.2072651890603
2021-04-23,31.89705297398811,17.327901475635077,17.82241604842499,1007.7613578987299
2021-04-24,32.6724617460225,24.01623191341117,7.810893422415187,1010.1518794416191
2021-04-25,34.93743453247382,33.23213700552237,5.79300477466268,1005.5254665065273
2021-04-26,36.359865014218,29.83267613195386,6.462567488600989,1003.5054339860409
2021-04-27,35.95934255256076,35.99854667709152,4.9418535226995175,1005.9253160183297
2021-04-28,38.01243627749442,18.376770894592145,9.35332032624104,1005.8121898889317
2021-04-29,36.42375002686727,32.18563003626893,14.569351924322255,1006.5731215247648
2021-04-30,36.62097881409903,28.697803175140265,9.71916264733195,1006.6566151610442
2021-05-01,35.93627947807828,24.605054810375975,9.729562542525446,1006.2295718600772
2021-05-02,36.893399427254565,28.537080952055106,7.006673051500666,1003.7431201244631
2021-05-03,36.90898593343658,19.440284660912155,12.19264941062972,1003.3778964305556
2021-05-04,39.73352410725904,10.0,20.03521891077355,1002.0072097548884
2021-05-05,39.105073545840156,10.0,22.495608518647646,1002.7372686292599
2021-05-06,38.96728210033717,10.0,16.506175454214805,1001.9975581942925
2021-05-07,38.63054852262464,10.0,9.771671144411378,1000.2308026895945
2021-05-08,37.80357852409274,10.0,17.046474567404175,999.1867807563824
2021-05-09,36.24030117812546,10.0,4.3653752574928415,999.1487860337236
2021-05-10,39.664838397418826,10.0,8.531383362923922,1001.0649106506661
2021-05-11,37.03414265824907,27.16350759440347,4.921590418836779,1001.2873809098091
2021-05-12,36.05833586719508,39.56572856552111,8.090107056309865,1002.2537767612291
2021-05-13,36.792002746403746,44.00484432423487,1.2886345862130977,1001.8884069638287
2021-05-14,35.346603633551545,51.98067408883789,6.086548745563675,1001.0570258543389
2021-05-15,37.3734102012879,33.71018813903182,7.393722787652545,999.2997225134203
2021-05-16,35.17496875775859,42.827097931108796,10.393555575029767,1001.5126741312944
2021-05-17,35.9768255988126,39.729142709224995,1.4603687390679134,999.2482190456556
2021-05-18,33.49779195164472,47.303771059276144,0.0,996.8332084601461
2021-05-19,36.564903242827526,33.93258987932512,11.043817605511007,997.7123021731043
2021-05-20,33.1874002748709,39.34502854564636,13.396565386130527,999.385656761801
2021-05-21,35.42353690737736,23.398114859269345,7.600850267473248,999.4700408629168
2021-05-22,34.899817620015284,21.980720513877337,13.702358393715343,998.6440447792334
2021-05-23,32.26340581257024,25.187561081891822,13.709835507378823,998.6176599315955
2021-05-24,34.291575019503824,22.487031262343535,19.844102964266668,999.5223624294287
2021-05-25,31.749155902861467,38.87420301020591,11.439775575165665,998.7320492432182
2021-05-26,33.00198525659847,41.67528371523692,6.380700255227658,997.7901731091849
2021-05-27,34.09402128185159,46.64232409629574,0.0,998.2143881009517
2021-05-28,32.134980756292755,58.59726010518723,5.950275780523536,998.8700020325941
2021-05-29,34.09056826289203,47.00838071517892,14.826090144610333,996.0814893918083
2021-05-30,31.678555532267936,57.919578956747266,7.169663819772187,998.2063102729959
2021-05-31,32.0170067764816,55.79608730381619,5.896705431620785,998.586565125893
2021-06-01,33.65041756197992,44.84950645127938,10.917320219046825,997.627760214529
2021-06-02,34.00647632439121,52.79149747816283,4.26878186303027,998.2188549655981
2021-06-03,35.369691019056084,42.71223324035381,5.932876930713591,1000.087671200224
2021-06-04,36.156646538710014,41.63286494856766,12.392769624569755,1001.4190175253651
2021-06-05,34.050874540263706,51.20738325395129,6.086468917262364,1001.1736514573455
2021-06-06,34.979659282122924,51.59695707156367,11.658667810563868,1000.2309927507581
2021-06-07,31.348025559765123,67.71388611763494,7.726164099124766,1000.0466785197154
2021-06-08,33.68169511939708,63.795266470754754,8.788824836955836,996.4067851678276
2021-06-09,35.997922029746846,59.59388549681708,9.054206145620563,995.5160395397727
2021-06-10,36.722383486185976,43.19786992210411,9.024506844700875,998.3618861044905
2021-06-11,34.34999307386893,46.29945817292686,6.741742967977776,1001.274707251361
2021-06-12,33.538996568461265,50.9279699477062,1.6143296721115217,999.7691243154213
2021-06-13,34.3091164411109,58.93082133204372,9.82325619198497,996.3171546614332
2021-06-14,32.64986422148619,59.701272022089434,6.589607721932783,995.4513539093908
2021-06-15,34.26521316710612,46.18367468228403,6.555028321339961,993.4374527775315
2021-06-16,32.66508125213893,45.63177697643547,12.334050783144765,993.3192062276117
2021-06-17,33.21005369768685,48.25023835795093,14.101770650766353,990.8270979167925
2021-06-18,30.138346081697293,52.081983223567136,12.442589554845291,992.1220395983817
2021-06-19,28.8954811870136,52.015972753437445,8.560263831124754,995.2304354413037
2021-06-20,30.7169699163785,57.944712103398246,5.6018143264690625,997.2534139503482
2021-06-21,32.6644123636524,61.15417850142499,8.015114529325011,996.2676684868982
2021-06-22,32.03225185246099,51.814422894388976,5.634222566699945,997.6787396349059
2021-06-23,31.051259885341093,63.3820814349261,7.758325805154606,996.8776333217012
2021-06-24,33.06163452255853,62.10805019727473,6.216250997161287,998.1738420887609
2021-06-25,32.94283192367654,64.59136095886012,6.907483788128618,997.5757092116548
2021-06-26,32.59597698694218,61.924374468357584,4.634182717873607,997.0960287906697
2021-06-27,34.55909867020098,52.55771939322753,9.095465660436945,996.9488973550172
2021-06-28,33.26616567797231,51.04756381839467,10.687388019706425,998.5116375420596
2021-06-29,35.805819354964726,47.0923123361799,14.821678388007912,995.4663220045543
2021-06-30,36.25679692610484,57.89212483271557,7.24469088306941,994.602009721415
2021-07-01,36.01559896237706,64.8990217197045,3.872196763217973,996.1602220724161
2021-07-02,35.17608670613404,71.07367576447783,3.108595243481025,996.49879436482
2021-07-03,33.916307258013866,68.49466048916379,7.466696583873361,997.8158751618618
2021-07-04,31.228884703441132,77.19779234112909,4.020279263958124,996.1379179236166
2021-07-05,33.562525765878846,66.4044385561773,2.061205128851844,995.7947721435008
2021-07-06,31.716015020114565,80.76963377770738,4.591975484018214,998.5845511870792
2021-07-07,29.954115360687517,84.45279685050288,2.932552780379992,998.8364404584821
2021-07-08,30.332648419446837,74.72681493357501,6.341290093501584,998.3103378126573
2021-07-09,30.345582307706408,76.13274405670566,6.139288836891274,998.4285800826516
2021-07-10,34.0693133997887,63.41491863099836,9.66221169777573,995.722133641448
2021-07-11,34.17220148535976,60.65397267394717,6.43502524396796,994.3433162339728
2021-07-12,35.44105095670244,61.650744536739616,4.943816061489774,995.5049667011947
2021-07-13,34.69376200287945,66.46446379701246,10.535117856801527,998.9315440680048
2021-07-14,33.095064766044274,78.89901752455825,5.229610842973498,998.1823067894222
2021-07-15,32.30718975163299,75.97347393206864,8.27171324050036,999.0519720264491
2021-07-16,33.11547814984287,69.97824129255287,4.0274742213603245,998.4348166627149
2021-07-17,33.273816791171676,68.44746355308672,2.7692313197017073,995.4731563134769
2021-07-18,29.03461516309421,76.12746542279247,4.129416556272048,997.3328313176502
2021-07-19,28.999242345518287,70.95446891547715,4.1548448343748685,996.8506387016961
2021-07-20,30.818550255488407,71.03730895422352,11.458702027945534,996.2301865143958
2021-07-21,29.484141354155753,68.12107752328573,12.62155910576709,1000.5698451240374
2021-07-22,31.25772786645522,56.2610023939805,9.571982102367038,1001.2543276483883
2021-07-23,31.469053015995918,55.82055921685314,5.370431100773508,996.4176402622339
2021-07-24,31.975101674534688,53.28901938923923,14.113830488445997,996.0146102669427
2021-07-25,32.11462730787665,58.38582549533449,7.895183031896709,995.0900547419595
2021-07-26,33.7125420958307,59.24287317824196,3.447856462553186,997.7324475340017
2021-07-27,31.75461307104923,63.11961958175486,2.2829108442207646,998.3584080447117
2021-07-28,28.619407528042956,73.15469171966053,4.98555014636592,998.0754880449753
2021-07-29,27.63475776437208,75.1684437664723,4.699294350501064,1000.1416223369091
2021-07-30,28.24532453632321,79.29912724155353,3.0960648353200506,1000.3611966820088
2021-07-31,28.736802852404598,75.24734144480828,0.0,999.9423254724209
2021-08-01,29.2651854099922,68.97490648435955,4.825481105267193,1000.434856933942
2021-08-02,29.88226399509241,67.16095337610506,3.8844857082333952,997.762689845244
2021-08-03,30.376665515961683,64.93616277718216,8.802888230615977,996.377847420783
2021-08-04,31.729330778908515,55.33324394171929,13.803832803830279,997.441116240648
2021-08-05,30.187906331853977,80.35944648559342,8.41418447414111,1000.5577436339584
2021-08-06,29.16671920373882,89.47604190105348,0.0,1002.9778777284771
2021-08-07,27.786380774840136,95.3743295503036,5.423194549751323,1003.1861766851254
2021-08-08,28.264135121281218,83.8973590235615,7.217710746203751,1001.5837260252234
2021-08-09,26.693490546460737,87.14403125911217,7.994788085607714,1001.336735630371
2021-08-10,27.743146115176835,80.7553013378973,2.974508362565417,1001.5334457151076
2021-08-11,26.788830963413858,84.49554677618124,3.835931711341625,1003.3544217699308
2021-08-12,27.223177228495455,80.92463668276521,6.180696913695343,1001.2829365118242
2021-08-13,27.534398736858858,73.27704589076832,4.798979932665892,1001.6621476022955
2021-08-14,25.293699943936325,82.08569347124013,3.6390538789677187,1001.6786721550967
2021-08-15,24.817985212439446,81.68732925867215,6.151884322733855,1003.0611009162945
2021-08-16,27.78678466526929,70.01840818812451,3.1483555470882134,1003.4175775501649
2021-08-17,28.528805013652686,68.02848545628918,0.7165008130642176,1001.0447739883218
2021-08-18,29.666787923573107,54.5684819869072,10.846712708226622,1000.7559975495193
2021-08-19,28.36230025578141,57.361031357158055,9.526276847130838,1000.4781920734034
2021-08-20,30.04334596149836,51.22742980025065,11.716237256008192,998.4476092582227
2021-08-21,28.507939747034655,74.59073476748154,4.228710198822602,998.1967764546961
2021-08-22,26.639565662781965,83.83928809166834,3.224640973195493,999.5330431059863
2021-08-23,27.644099929557218,74.27986710420547,0.6176254154315002,1000.9429702728389
2021-08-24,28.970850351149245,82.38418506500032,4.233689554625283,1000.8577924211806
2021-08-25,29.794789106014107,76.86455520302648,4.691935053772491,1001.2613956245342
2021-08-26,29.455637902021362,79.13837114902977,4.132625493918249,1001.7110579315735
2021-08-27,30.837690986862754,68.76772593230348,6.726350552148861,1002.0504850153644
2021-08-28,29.05342061990003,68.1329652141541,7.830866922577801,1002.352841142191
2021-08-29,33.54327300842637,57.59982404446928,6.63510761067649,998.6098501485867
2021-08-30,32.85424528045589,53.09386146292155,11.49617646408458,1001.6510300101486
2021-08-31,30.51537945408794,70.6239675023287,1.7264883735383592,1006.6039161488012
2021-09-01,28.74374555539359,75.86042968382854,8.073975061967026,1007.3759550991251
2021-09-02,29.56080863575267,83.6716787545314,12.214751052785594,1008.0050252475254
2021-09-03,30.82609216981269,73.94883056172343,6.884185858108634,1007.069289603616
2021-09-04,28.214925770071744,80.353282537078,10.401818107517041,1005.9947768935847
2021-09-05,29.08098886379505,77.86715012584821,7.4370780305037805,1003.8057129054822
2021-09-06,27.63686825229932,89.47764264575997,0.0,1004.7837007127534
2021-09-07,29.309376358494706,86.33098704415988,7.468482442515055,1005.7495603111186
2021-09-08,27.180700315742605,87.24390668270124,8.347345659229042,1008.6572237148206
2021-09-09,28.424794631784405,66.02813473633799,6.4104169537971565,1008.700181335296
2021-09-10,30.986649981367698,63.684904446656894,2.7044244912663693,1006.998194580399
2021-09-11,30.285817648780288,67.0573113445737,1.7382443931164406,1006.2830180621798
2021-09-12,29.410424245778934,70.03143638443929,9.503482811670114,1005.727237227355
2021-09-13,30.431797206718272,64.56048311229313,8.698655839384784,1004.6075076381247
2021-09-14,32.980249391789016,51.03918273298116,10.820859547521476,1003.8520359462441
2021-09-15,33.4931571896019,45.97743362613949,15.913844020292256,1003.1609016727581
2021-09-16,34.48862938937525,41.95418008605975,8.91175228943023,1001.2774280578152
2021-09-17,31.923779062056628,44.13160569019001,10.704229525768833,1002.3686880201235
2021-09-18,32.34613847222603,57.25923908378017,5.890608963547038,1005.826720995222
2021-09-19,34.155932225684765,47.95126787012297,2.8829301917816745,1006.1515019643376
2021-09-20,34.422482704346706,41.298395926928585,7.163163260401649,1004.7294453736955
2021-09-21,33.58429993161607,31.657975370116436,9.921857775558342,1005.5697107489726
2021-09-22,32.006322093863865,43.01267301774885,5.346309519399554,1007.2225887193619
2021-09-23,32.85734421421655,30.665043245012107,10.262383193802084,1006.5639761076076
2021-09-24,33.30726473389736,29.326810953060185,8.241746681669163,1008.4935976967106
2021-09-25,32.865307468821236,29.1440994242185,13.077680609725007,1008.8992655195633
2021-09-26,32.13416771467644,33.646679353660595,5.246555255414776,1007.9971885939424
2021-09-27,32.82726101686061,32.08797400953212,10.85147477980072,1008.4483403656144
2021-09-28,31.942237916551516,43.61235867040085,5.5417883886844965,1008.2068807952012
2021-09-29,30.462385823702625,47.983254107666355,0.0,1010.0826794085585
2021-09-30,29.362831082649304,56.66260252066621,0.0,1010.1682170233616
2021-10-01,29.329125032144006,60.85688137853158,0.0,1010.876013513194
2021-10-02,29.51384670714647,66.66193544177665,10.973537897994824,1011.3300130947769
2021-10-03,29.476225082207442,69.161709561856,11.512947794270964,1010.7888404022398
2021-10-04,27.173871349914997,74.27461544544853,8.30299329770832,1011.6140499369867
2021-10-05,26.648350051245256,76.81951907029989,9.17764989333455,1011.596504606991
2021-10-06,27.8084449163991,80.45803965216874,0.04901459236097416,1011.2234983663285
2021-10-07,27.509382930160804,83.47294349935089,0.47433933682480056,1008.9645932051898
2021-10-08,28.84496953741644,68.49280018355455,9.888478189418688,1005.655743678409
2021-10-09,29.91356496648112,59.8940825536643,7.170203596994183,1005.9068348304696
2021-10-10,25.42446515764825,71.80707204237717,4.904198899120933,1011.3319095186055
2021-10-11,25.40065595872243,62.22019037582266,5.14824686086673,1012.2795174905142
2021-10-12,24.478618856986216,67.96089547499284,5.074842148017455,1012.7660162551679
2021-10-13,25.456115682818282,64.65606643661287,1.2408214195084541,1011.1601361784383
2021-10-14,22.954964725572477,75.16235353507737,6.01153344032276,1011.7321612223362
2021-10-15,25.521431477959613,62.84874847742991,7.9779868577263615,1012.5001207955659
2021-10-16,25.105081223769407,62.33612427628006,0.0,1014.9365001162092
2021-10-17,25.68089983449264,60.084885291376,0.27643580551807556,1016.9995201342169
2021-10-18,24.348583732529814,61.99701065882214,5.02528249299136,1015.2508545216393
2021-10-19,26.086482315144156,62.952775778245936,1.2936557851775867,1014.5927154385803
2021-10-20,25.20752533882787,62.82593221593692,7.047886722870034,1011.8963328412445
2021-10-21,23.874909343844376,59.74578677912336,10.422533530198631,1010.6062799958507
2021-10-22,25.136582867213548,58.96752412632795,9.040651312617992,1008.6254496604047
2021-10-23,25.746863772539594,63.02387811509886,9.832646821477159,1010.064191305575
2021-10-24,22.361162451275685,78.858481868236,1.2999035998787645,1010.9042388722605
2021-10-25,26.104667689421262,67.7516961276034,0.0,1011.7696390250535
2021-10-26,27.184194971405283,64.85868432566112,4.064563257764101,1013.2199243424773
2021-10-27,25.93869746003737,76.0758049117862,3.1088591156113097,1011.7079736424812
2021-10-28,27.64246948893645,66.19835581239157,5.2936016852234635,1012.0276325104601
2021-10-29,22.836947520022044,75.18861705788248,1.0234217153642464,1014.6639713544988
2021-10-30,21.264470736806615,63.351825917119456,1.4917332653326643,1016.2384571467559
2021-10-31,23.287440376535145,49.63571540259978,5.729983954255662,1013.8092505058721
2021-11-01,23.092240513209838,51.36203457873209,0.0,1013.9950727117671
2021-11-02,23.643737614568163,47.89362994154914,3.9225925622665025,1012.136587915639
2021-11-03,24.649353545522015,43.898025512780805,13.815568657602789,1010.4963174532643
2021-11-04,21.500077853984365,59.172278666449,14.759878309490706,1013.3509103895218
2021-11-05,24.26989400149791,41.83028508278473,10.182758731992443,1012.9345336867555
2021-11-06,23.512300725912606,41.7399966388165,0.0,1011.7580826880292
2021-11-07,22.527955859525015,42.40451893548416,5.2794343350651145,1013.834050515047
2021-11-08,22.82284440841806,43.452285469760604,2.6362641012135364,1015.2719892481169
2021-11-09,22.41044910289717,50.89811561738432,0.0,1015.7762470170762
2021-11-10,23.2821297713168,47.16712490554468,9.853045139132472,1016.4733086536318
2021-11-11,24.345878180221206,45.806946090290616,14.046300092572288,1015.1413265747708
2021-11-12,22.72010348794949,60.79597716470039,6.609080588546966,1014.5152689696666
2021-11-13,21.105435505508513,57.082801348327244,5.921336066765845,1014.0272470223069
2021-11-14,21.464506748775214,48.85111382857339,12.08715546002081,1013.6968178752841
2021-11-15,23.355492413789765,59.28397664591086,3.7970038331937706,1014.0002111901232
2021-11-16,23.109133982026453,57.84704367332252,0.27659883006369723,1015.9462811277944
2021-11-17,22.601623249436354,62.56771769984328,5.520885742681606,1015.9871169279031
2021-11-18,21.34251788065749,66.67410622396133,4.436659061777398,1013.8890865729524
2021-11-19,21.36790701612086,66.2713827195991,0.5341013942608126,1014.7481201931038
2021-11-20,21.614122004801846,63.96434346744204,4.303337924817143,1013.9409531876075
2021-11-21,21.429272981857498,65.10987187040914,4.7977928611620975,1015.1383640195331
2021-11-22,23.637740657479128,52.22232296916762,3.8868085329291047,1014.5047342085832
2021-11-23,23.721283339692576,55.4715244831253,6.985159191033119,1014.1449415582442
2021-11-24,21.17854536581533,67.8148672874414,8.303565316129323,1016.4425104386387
2021-11-25,19.300356469796036,76.15601822527573,3.2692416345443975,1020.6287574822234
2021-11-26,19.37692601334215,70.28960070521984,0.0,1020.593280948632
2021-11-27,17.067967653020276,79.58431947458749,0.0,1017.3230657374698
2021-11-28,14.456481855543018,86.75065805956409,1.068350782513403,1018.9686333186495
2021-11-29,14.512753360277756,87.99340340682298,0.6480445084849817,1015.9677751664789
2021-11-30,17.076932986650963,88.38654182126834,5.019748544701624,1016.233277154284
2021-12-01,16.74146490068759,82.10407896439261,8.032725270823107,1017.5975922263091
2021-12-02,18.948123877278597,71.12951715930721,13.083972648036951,1015.3592711784199
2021-12-03,17.92225825571957,72.93657647402415,4.12019206180553,1014.0932389421691
2021-12-04,19.542355873626175,78.90126233048038,4.224610233825712,1010.993521872764
2021-12-05,21.031387011507604,66.44837845570471,3.911182883346162,1014.2378265114966
2021-12-06,19.567938854158836,58.84473873839969,3.1037434300732007,1016.4647841198677
2021-12-07,20.42535370594268,56.16474410386974,5.349325313315168,1015.7131336063057
2021-12-08,20.5485418924828,59.282032144200414,6.929842355380645,1019.2867675934262
2021-12-09,19.897683886492068,66.03163280833769,7.132753282925753,1016.2231403329172
2021-12-10,16.82352442141408,74.78262153728976,3.3339121237411504,1014.4463910888834
2021-12-11,19.774338855923972,57.737098652071865,8.00169680449605,1010.8192980924656
2021-12-12,16.724525816171816,75.00695039549514,2.2308509765943287,1012.1423016705352
2021-12-13,17.547228900048058,56.55809000989768,1.5953391303941569,1014.3420083193918
2021-12-14,16.261237417298638,65.73585960691422,5.453949794191331,1014.7565120670838
2021-12-15,15.009511147798907,76.95242061989383,3.2800264013276834,1015.7385213301617
2021-12-16,16.161134812407916,81.3544417850975,1.159503350371442,1015.6424497697594
2021-12-17,17.133252635199714,72.77515123428998,6.663211547132248,1016.1305120524481
2021-12-18,13.988749308148078,78.96245489613338,2.498557664070357,1016.4154048075559
2021-12-19,10.927146108689072,87.92371023958218,7.749981735667187,1017.0243820090196
2021-12-20,9.861430211037213,74.51618537665492,2.389705006921269,1019.6737948530558
2021-12-21,10.458380433579034,64.16094422556087,4.716830448151826,1020.653310134777
2021-12-22,13.652345553731507,62.11882114124728,0.39068566600542187,1019.9222694876436
2021-12-23,14.297928512357448,59.727373741681035,0.0,1020.752880056136
2021-12-24,17.44088506889729,47.676835063708175,0.0,1019.5071621858309
2021-12-25,13.11913756144244,71.55775309825789,8.433293109901381,1019.9342706951677
2021-12-26,12.149933132856571,77.07755556202927,2.1340002419098947,1021.3232313965167
2021-12-27,14.10725229050756,74.49288257075253,2.045171198056912,1020.2357491291394
2021-12-28,16.67568839961013,67.38386066917106,5.464887112014694,1018.8272542257392
2021-12-29,15.35507044032139,76.90017822135187,0.0,1019.1606988590199
2021-12-30,18.1474006699651,71.59355862036371,1.4218955754013254,1016.1348559230443
2021-12-31,14.13073458892269,93.18987583168577,3.042361830681499,1016.0056966334469
2022-01-01,12.090093311898826,100.0,0.0,1018.8801279926291
2022-01-02,11.507544129043962,96.28050897876373,0.0,1018.533662763208
2022-01-03,10.801188032367188,89.06543425339592,1.0155238596472982,1018.8410574963654
2022-01-04,12.712337861016529,78.45568897311509,11.89855825934863,1015.6016839687333
2022-01-05,13.788470192686459,79.40638420431328,11.14100711897981,1014.3655458355519
2022-01-06,14.038263022651918,75.39177542988014,2.3370320352615894,1014.1776488008902
2022-01-07,15.445372804493465,64.83477794924116,4.610293699915307,1017.226021191462
2022-01-08,15.744611847645903,71.03790287236016,3.062001587121532,1019.3397073898082
2022-01-09,14.923988246891513,74.32318694151938,4.424859701685645,1020.4091622770852
2022-01-10,12.148670756592427,74.80367618833576,2.140626361891327,1021.0583125936614
2022-01-11,10.669694743367334,67.45111234549037,5.193937746359235,1016.9819678899362
2022-01-12,12.800142436029013,58.93184107521179,8.959151529072447,1017.0957553746181
2022-01-13,15.246286552279503,58.33000382626753,3.7271214034532734,1017.8549971004506
2022-01-14,14.71267987780583,72.05326715795822,4.236429374916872,1017.854549127325
2022-01-15,14.711771541906828,71.67679135605513,6.264050768440001,1019.3632315084523
2022-01-16,13.028676428640857,65.16804563391999,3.932992604123584,1021.3031104225813
2022-01-17,15.66170890819976,61.144332141495155,11.415210539483294,1019.4707627662642
2022-01-18,16.732184575928066,60.74456786497851,18.436868920970063,1015.6493412445758
2022-01-19,16.82601295574945,68.87473431416905,7.381186540408356,1014.9199143496176
2022-01-20,19.874478886349795,56.614982043571956,3.816929571284609,1015.3684709503375
2022-01-21,17.420521315293698,61.55293014069754,2.8926986113416966,1016.6605141274413
2022-01-22,16.71575144095503,65.8141729494383,6.01979644362537,1015.4743734641949
2022-01-23,15.957899386240072,79.46839091133216,3.262320931442636,1017.0966218817503
2022-01-24,15.877639886189927,76.59498088257097,8.9328347149375,1015.1150476702057
2022-01-25,15.02311356326966,63.16304869015508,13.479963796403776,1016.9707646531634
2022-01-26,12.805182861137549,61.43331249786352,12.874632115814276,1018.8119082276859
2022-01-27,15.980063989515186,51.7718397547953,8.180015861469752,1020.5756591863128
2022-01-28,16.632343632608922,61.115634542900324,13.922258493272698,1016.2932045040177
2022-01-29,15.890203515042236,76.27885758580727,7.702772755749452,1015.089438486395
2022-01-30,15.378426306573495,79.27399503043215,7.6308004580407,1016.314101896647
2022-01-31,14.566799255687402,77.68562396824727,9.849985885736054,1018.3979003052721
2022-02-01,13.228890087893333,90.78508398708173,9.788240805044868,1017.1575878251512
2022-02-02,16.2546204756703,90.49578054333988,9.604624684712913,1015.6352968442462
2022-02-03,17.4625155827176,79.6914935653454,12.86821731280723,1016.1975593097261
2022-02-04,15.239397121426041,67.81733860735983,8.440521526211187,1017.3152194582817
2022-02-05,14.81997759522681,65.68790918411447,8.248977761401974,1016.1637622626571
2022-02-06,13.871658872721873,74.82969879984338,10.057256663819496,1017.3620512554304
2022-02-07,13.494418857618832,79.85583161988518,4.098387207410664,1017.5239232694291
2022-02-08,14.793518904230638,82.83114511816697,0.0,1016.6812362834494
2022-02-09,14.319527100781102,86.57498177853785,4.988511930590158,1013.8728149231173
2022-02-10,13.42427739792354,93.72501412945786,9.255641311608645,1013.9314301550943
2022-02-11,12.531267187133768,94.65943149266879,8.07877763725147,1015.371508541575
2022-02-12,14.51783627330569,86.70540973178868,3.245177597895698,1014.3974715801179
2022-02-13,13.134149154384456,97.12802374566286,0.0,1016.2970342668016
2022-02-14,14.536475552339379,97.87325005297598,2.635617602722834,1017.2416609274711
2022-02-15,16.019395626655797,82.14983893141249,7.064904634064266,1019.1162185528968
2022-02-16,15.755126363939821,80.62839619448,3.156147140313826,1016.035913038342
2022-02-17,17.784688626811338,64.72787161732218,3.6482534638764914,1018.3958683546997
2022-02-18,18.834891667506223,70.39574988875034,4.469742474295561,1018.3771750463974
2022-02-19,18.421124688341024,76.8147100066629,2.749014355637353,1017.6332276962231
2022-02-20,20.609401491331347,64.59600084064091,2.541578669136628,1014.7385885426518
2022-02-21,20.87617702097884,74.08444727744133,6.371600975605671,1014.9239481035673
2022-02-22,21.34954117977872,71.72224797116851,6.824300823739241,1011.693963518614
2022-02-23,18.62263168569981,82.8253692379776,7.654058506299813,1013.1850567102572
2022-02-24,18.838052438833323,78.56023453952727,3.295789784740423,1014.678730706976
2022-02-25,19.590812497753873,85.33866517655191,0.0,1014.2434299064112
2022-02-26,20.29279120683211,71.06213797705115,9.015498660157336,1012.3409049224025
2022-02-27,19.067770113924766,75.56177577953261,15.394844148857654,1011.9714821641803
2022-02-28,18.618460340095414,75.70551586940186,13.598049853386016,1014.1427590233079
2022-03-01,21.612015495722137,68.74008521568047,1.5985338633068613,1015.3684822136665
2022-03-02,19.235023902427088,68.7682783826434,8.408404002365625,1015.4331829506908
2022-03-03,22.917015270464848,54.953346646658325,14.280335469172185,1014.2608069039579
2022-03-04,20.251379857368857,78.83537747070638,6.5358575258002,1016.4568522499461
2022-03-05,21.54261523762672,72.84948995503802,5.543116960157162,1016.0384189821833
2022-03-06,20.011891022069552,73.91685635595583,4.54493375553915,1018.1963718552087
2022-03-07,22.139182234090843,50.56918341701679,10.59790560578417,1017.9164920981532
2022-03-08,21.870037454417208,61.15101077503907,4.754469932861747,1015.4079929300941
2022-03-09,19.599759646954123,74.52578064164453,2.2821549756045467,1015.3745761376944
2022-03-10,21.136745792854725,65.62986020811364,2.370757144878108,1015.1368603907196
2022-03-11,20.136301081677487,71.91564531260595,0.0,1014.436627585864
2022-03-12,20.85210624248053,69.27552926012757,8.294138505690078,1013.9755763106496
2022-03-13,19.938750768734714,70.0826483461378,7.161143108245315,1013.8962738740847
2022-03-14,20.035452780978456,59.75079548433043,5.390918750715674,1013.4752586516271
2022-03-15,25.68504675170837,33.075605139112284,12.46125185837688,1012.883867459328
2022-03-16,27.227068108650382,43.11757501156995,11.98393724264183,1012.8638224067954
2022-03-17,25.084254188251105,58.67848349429372,4.422182726928674,1011.3873157682319
2022-03-18,27.84447280396183,51.56974085613666,9.818788442600967,1012.1092696660941
2022-03-19,25.695805727013703,61.400706699598985,4.866751818408565,1013.6307449832203
2022-03-20,27.12866867695543,60.201454593807554,6.535124984399265,1012.9741390780538
2022-03-21,28.718414721735478,53.41358931859832,8.108577378694452,1009.2418577320558
2022-03-22,26.713247178073832,61.94499893971502,7.454924346728284,1009.7357259581986
2022-03-23,27.00322494868101,57.37397148503064,10.417748016369787,1007.8275878287457
2022-03-24,26.035242692503026,63.74164859002111,4.271825054858039,1009.3078323706035
2022-03-25,27.216624815914486,61.64757133083054,5.102695633969191,1009.4161528805246
2022-03-26,23.33068773271593,58.56293715015175,9.57732352858728,1011.6921316394943
2022-03-27,24.846985675828215,48.22685765649067,2.2967850000239336,1011.3091672469599
2022-03-28,25.333566252303036,47.174776704446735,10.247891832304335,1009.6995939220334
2022-03-29,27.732758341764796,50.940293502977525,7.961313565328457,1007.4573215467309
2022-03-30,28.761491244620753,53.47445278357523,7.550411495258495,1006.7910727225127
2022-03-31,28.78294262142922,39.290673605045875,10.559428232915312,1005.7946077103576
2022-04-01,30.947576393987166,30.670449698026196,16.35909313454628,1002.8948489939359
2022-04-02,30.618699295125353,25.9699745433674,11.770136968417411,1003.2292938506872
2022-04-03,30.89865742936368,26.62462654544895,17.252060960734745,1007.0332548309142
2022-04-04,26.122367860230735,37.83864790696914,2.3859695454829977,1007.4275907857864
2022-04-05,27.462580270284132,35.41326996430739,2.705103113324509,1007.7731327283747
2022-04-06,25.145777625466106,38.339888347539635,9.029456403424263,1008.7516843956988
2022-04-07,23.945930173035336,38.952237498004315,11.210016366305599,1009.1085452924508
2022-04-08,25.70777577146434,36.21846719945307,10.38999151288281,1010.6175313609004
2022-04-09,25.966699830903895,42.48469942083325,6.18192962389686,1011.9577529003722
2022-04-10,26.38604612751958,46.68069438594419,3.8426774034890085,1011.3767231526838
2022-04-11,30.70226596107938,29.735349855601726,3.2514233902891103,1009.328409350443
2022-04-12,27.822083646817944,41.46541366624743,9.867725102605934,1006.6480806810519
2022-04-13,25.76356930487996,39.261137029140066,11.135753094368177,1005.6355807684625
2022-04-14,23.68191577932572,51.54046197313468,7.217525837619185,1005.2210605424129
2022-04-15,26.246888538408626,45.663303291869546,4.643703100360819,1004.4306363935698
2022-04-16,25.914002058436747,44.635075482656404,3.4125771272940106,1007.5155625826529
2022-04-17,27.73265279493113,47.60639557769708,5.135739828139331,1006.5528936262202
2022-04-18,28.836680826281423,37.73448676430959,7.673415757777184,1005.7879459675228
2022-04-19,30.88294622115887,31.71196507939724,14.874675398697494,1002.7296615209374
2022-04-20,29.349586475507824,43.0217582877121,5.487983347526342,1001.2209443901303
2022-04-21,28.000168528737262,47.207249587528274,6.0569819064612265,1006.9370522315385
2022-04-22,30.059640615765474,36.63324205162427,5.237064289106737,1007.7642396153639
2022-04-23,29.953063752007143,28.634892391658862,5.150223444647881,1007.5611406264004
2022-04-24,30.68579856456703,23.15152324789426,7.3907240195776165,1006.9915261950802
2022-04-25,30.634975755951128,27.347528042761127,0.0,1004.0929721077123
2022-04-26,33.307663092982075,20.82481332000989,2.9481105680229662,1004.122469624397
2022-04-27,31.116650747291843,25.29722519526021,0.484914611792453,1004.9993134205749
2022-04-28,34.31719377660773,19.47163680300009,12.922999173845888,1004.8331834472574
2022-04-29,32.47227936596779,29.681341704612176,9.739266809550085,1005.1260099815436
2022-04-30,32.38550395058156,34.452075300389865,11.422487116252151,1003.0046510264593
2022-05-01,35.15079244494639,24.770870043628122,9.622218300419792,997.7668149437094
2022-05-02,31.58189423708831,47.592531430257836,12.195883996712809,998.4450745636294
2022-05-03,31.27625282506449,42.45781576099692,3.027203686791326,999.4467191568751
2022-05-04,33.519108505738274,34.47004147180854,9.983429779267926,1000.0584824862954
2022-05-05,34.504540911089464,30.845916686896523,6.88603255185088,1002.7441466797889
2022-05-06,33.89381346106937,25.147654518297983,15.507295217432013,1004.4943685641316
2022-05-07,33.62990484885422,23.02537339496113,17.30077317921438,1001.9274443353506
2022-05-08,30.631064603194506,27.961504805940738,10.804285286169664,1002.4168482083535
2022-05-09,33.23302343663487,22.44434916203238,13.30861809417449,1001.1463843457042
2022-05-10,33.37374901182221,35.64500620112252,12.247828010258972,999.3373568127279
2022-05-11,35.025211282758114,27.540518518294377,9.005243995701193,999.0908713965458
2022-05-12,33.78873439561383,25.565861953448152,3.3219426452975807,998.2909210759674
2022-05-13,33.2373763035673,30.409117209891345,10.052251901840505,998.2620037256002
2022-05-14,32.797224178850776,38.9304541609262,10.157294624349154,1000.2887693729082
2022-05-15,32.64089736262706,36.42548256025523,10.668058172865093,1001.5090378753093
2022-05-16,32.845352042591074,39.30499019510062,12.57159406082451,1000.1756486101376
2022-05-17,36.27436278923444,29.34472542749161,10.321556294309588,1000.6459091834802
2022-05-18,32.9326952745713,43.02697082143253,8.965884863489178,1000.2824334476649
2022-05-19,34.02808376446103,35.894262599441625,11.828051224936752,1000.4298336409913
2022-05-20,33.21331256834564,31.096162245693186,17.512822880543794,1000.7621129808846
2022-05-21,35.25425704403675,18.47294356602849,19.03776331947298,998.8613064095692
2022-05-22,37.840889731196256,23.616125286943003,14.9724311626204,996.4776344887915
2022-05-23,36.542208162260486,36.66384087892881,6.551703202548654,997.4465233995325
2022-05-24,34.864201143732416,34.29256376609555,8.863784211078178,999.5439286671517
2022-05-25,37.146307862648634,20.540769141171243,14.44009351795778,1000.66871570643
2022-05-26,37.63438827028935,26.765082947864137,6.375306266515868,1001.3047370949679
2022-05-27,36.242924423659396,34.36296630570561,4.704533995121686,1001.5706825135973
2022-05-28,35.27959740766828,29.588571565562745,8.916861968989059,1002.5919137689015
2022-05-29,31.756811523829008,45.771253111675684,18.40707151625965,1001.9389823210144
2022-05-30,34.746321124641874,31.96074942320207,18.9945077740633,999.7041534955589
2022-05-31,32.29952296404318,45.330052489517094,9.95615112087382,1000.1480467988249
2022-06-01,34.14030980445223,36.97047050824929,13.6548456848761,1001.8828157231399
2022-06-02,35.44646815376444,32.67541617384331,14.785230304426594,1002.9246146844364
2022-06-03,35.9573435986066,31.837738820505884,11.822254992028356,1004.1393571783883
2022-06-04,33.7950581004999,51.008126567426054,4.642657333616402,1004.106720446414
2022-06-05,35.55335052615244,47.30849850666832,9.507407630887622,1001.2200412897695
2022-06-06,34.36444575307254,39.6184901102515,15.196341857448559,998.9127774268117
2022-06-07,37.82045585303882,23.99434845776004,15.234825321470641,995.1158061634377
2022-06-08,36.62955858014387,30.86292007790054,13.248719419139444,996.217042969519
2022-06-09,36.657973494346294,33.12452610494287,8.989927388539261,995.0845839396252
2022-06-10,36.06882326265514,40.6230904855063,12.162783786715174,996.6225699262199
2022-06-11,35.77330698537151,39.104501313073,10.934612978086895,999.0640828277499
2022-06-12,33.50095248826999,38.54435158919024,18.61891794089688,1003.4229350161476
2022-06-13,31.806248825784508,52.87602778365927,11.139663471603502,1002.3226848437295
2022-06-14,34.735952426833094,47.18397236643617,0.8366681669224052,1000.8121596341049
2022-06-15,34.3343881408903,43.76728422138005,5.127771667798368,996.0883653442795
2022-06-16,32.98959196324458,47.353296243924405,6.110910366659516,996.9849095644814
2022-06-17,29.223948569805714,61.059009351465896,5.021173796679369,1001.1611200943995
2022-06-18,29.453750939905976,63.396856950816996,0.0,1001.1867365602845
2022-06-19,31.917271372936668,60.100552444305016,2.1652359869118936,999.2226431494847
2022-06-20,34.50091920362043,48.15910032928414,0.18554401185576808,996.0357132946962
2022-06-21,34.93479427645171,51.6465983694377,4.782218778437306,997.1346832515994
2022-06-22,35.25481827393864,49.27153975528588,0.38369068322884026,998.5724956195453
2022-06-23,33.345077898346176,55.61292364993436,5.814122158920139,997.1227179910679
2022-06-24,33.12304846679038,64.21684417301027,8.354165026869246,997.5703706373281
2022-06-25,30.159038029728855,70.12400863067118,13.058475415893305,996.759626365227
2022-06-26,32.78099565088398,54.17879303411484,6.9921406225294245,995.2321536203883
2022-06-27,30.82304706692509,66.08112924219266,6.6355811099143,997.6308679886001
2022-06-28,32.84529021579072,52.18864344530995,4.863204655189868,996.15565322533
2022-06-29,33.64226866496063,56.70267790543058,1.0892199923572674,997.5312821055078
2022-06-30,31.70191794709255,67.37533545106831,2.3702741902666764,999.8017552971672
2022-07-01,33.17240793927765,61.41721242109825,12.418631709140382,1001.2091720254513
2022-07-02,35.84660831575373,46.37033306132517,12.256994457358672,1001.3638093786632
2022-07-03,31.98443404418651,60.98883126821945,11.40849436101505,1000.1229699807836
2022-07-04,30.441235287529064,65.61191864253698,4.908771657018008,1000.2781587142684
2022-07-05,29.48907699919619,67.5902669013657,6.77902156772819,1000.7313897551461
2022-07-06,32.45389491055728,60.89167861344942,7.853461029354579,998.0759376445615
2022-07-07,34.46120878497991,52.128252744109375,5.665664370013451,995.4844486770705
2022-07-08,35.14037168939372,56.151558685505556,6.221527523852689,995.1599423940295
2022-07-09,34.23225592375469,62.435034099194084,4.715619342496822,997.3691220686735
2022-07-10,37.73214839535399,61.41353791428427,7.837592308156845,999.073584425184
2022-07-11,38.923335272780356,60.16869701689716,7.952619082466117,997.0748490969501
2022-07-12,35.38689937532615,66.07607080174328,14.12379422984675,998.3178891439176
2022-07-13,35.479696849467025,59.12628616881934,10.037074064812417,999.415869822616
2022-07-14,31.58307892206152,82.47380324739848,9.51690215326298,998.1574365521923
2022-07-15,34.86522637629065,67.91303371607172,10.734897500806955,996.0861449165737
2022-07-16,34.015723242835065,78.12178586012014,10.822515485692918,994.0736022780949
2022-07-17,37.16864393720844,69.68167577547162,8.477631323342273,993.1543843455636
2022-07-18,37.13547896947759,56.78574975035005,11.480651982865243,994.4690371871815
2022-07-19,31.268788252709697,65.91358405642711,7.7826584262710625,997.7167381951185
2022-07-20,33.63656130739464,55.80255565811647,6.097303491792348,996.7639825869317
2022-07-21,33.78215845721771,61.00568222866799,9.83664496391006,995.5649214935686
2022-07-22,33.365902317307764,75.80509383157151,0.0,995.5924938522489
2022-07-23,30.631404170423927,86.4834106618108,3.248301791777222,997.4432384278128
2022-07-24,29.50936871410414,88.34083994575808,7.512082074568344,1000.0446941628692
2022-07-25,32.10081688723743,83.20974637515752,7.3893917136816345,1000.1181893181509
2022-07-26,31.580700372755736,84.160425666498,5.756817355783991,1001.4268132758717
2022-07-27,33.02096249101031,77.00348387192649,0.0,1002.1593350420821
2022-07-28,30.828293153097462,78.75287316698339,0.1888815796656793,1001.0714780445397
2022-07-29,29.013122839273052,83.16728184610284,7.8713926909017875,1000.6660154735656
2022-07-30,30.591736818551038,77.7284244712195,6.999641510750804,999.6012196699343
2022-07-31,28.0545464054781,88.18823635404038,4.736280240647645,998.192906927243
2022-08-01,27.713399792658816,90.35031269046328,0.0,997.443195223184
2022-08-02,26.602796204279436,91.11027151839,0.0,998.7231380654647
2022-08-03,29.489184902388864,78.84425078802067,4.260884198531996,996.9401976388749
2022-08-04,31.981640754673684,72.26274347305898,4.187996681564282,997.278832666512
2022-08-05,31.768557090200186,71.88912047906976,8.249170179469207,995.8792397004535
2022-08-06,32.78724726000945,67.76049465006862,13.317162399987385,997.3532838993995
2022-08-07,31.723305252189654,69.19311290592894,15.400567485011736,998.1342060745467
2022-08-08,30.711303040540457,81.46918208910749,3.1283937158242328,1001.740743552251
2022-08-09,31.18605457907273,82.16192063710476,5.684447620815284,999.9544485664943
2022-08-10,33.21001293316821,77.3781585517213,7.264641797650335,999.9397817691009
2022-08-11,29.086377923029744,97.6883986191327,6.320452093990713,1000.1731754582188
2022-08-12,28.102533742542313,95.04569283529864,4.675473105473859,1001.041301324573
2022-08-13,29.07411453733221,89.82614033823151,2.8892861546294375,999.1771430595328
2022-08-14,28.04695226300602,91.1738039293605,9.823681230944928,999.3644043372499
2022-08-15,27.75945089240378,90.77495898334878,4.097443263707957,999.9842246421408
2022-08-16,29.177444136891307,78.84006275353575,15.400010278816886,1002.9817158338238
2022-08-17,26.21058151208952,86.02391926173763,11.208400185334279,1004.8275818156054
2022-08-18,29.17366295018355,91.60204625778961,6.025909605738141,1001.7846000170606
2022-08-19,29.440059649948324,95.21614415267027,8.522578869587543,1000.1719305000536
2022-08-20,29.780140458075824,87.4686973665973,8.764651501798372,998.7570179044604
2022-08-21,29.770507079355966,89.63279454434965,2.8496916611008523,1000.3728575537026
2022-08-22,27.62831236144556,81.31973247639573,9.576479649550466,999.9245478883983
2022-08-23,28.604938620550257,76.84841725583355,8.595788394291832,1000.5954440734797
2022-08-24,29.495464958297493,75.02023410690997,11.658984373794581,1001.5443155383233
2022-08-25,29.473155188742602,66.40048683939465,7.76296130091637,1001.1540546879073
2022-08-26,32.98454729172458,55.83762454066163,8.366001104634854,1001.6579337129937
2022-08-27,32.52951765814464,53.835285700715154,6.670393082378874,1002.7666597968208
2022-08-28,31.024264438042895,55.15018656259137,6.108826570822678,1001.337586738586
2022-08-29,30.51879437959996,68.913625012021,0.0,1000.83172990256
2022-08-30,30.864948406990237,70.28174425578838,2.184628783688834,1001.0054071926581
2022-08-31,31.174399049365302,64.43571014042615,3.1798282256222716,1001.8701819878656
2022-09-01,29.591637135897166,68.88535855511617,9.087255318390916,1003.129728277833
2022-09-02,28.709260019117384,75.00456952921658,11.024981918978082,1003.8518827340074
2022-09-03,28.4310843979787,73.13754814927186,3.2350616767859117,1003.9389335609477
2022-09-04,29.47421475818227,74.95542997395867,3.9119644998741068,1004.2106107592308
2022-09-05,29.31649068687536,78.11862258461231,4.445987325472989,1004.9311495591455
2022-09-06,30.69455549047871,73.71124708659018,4.2889499457843625,1004.0281339956967
2022-09-07,28.08829041836963,84.20900093189161,9.55125514195331,1005.568066225615
2022-09-08,31.005591205358137,72.89701092418453,6.8061378009986395,1002.6288324322128
2022-09-09,30.514186950933023,74.7030299370135,8.329543621094261,1004.5054082524542
2022-09-10,29.593909745615704,61.1928961111533,5.429121504810626,1008.4478229415724
2022-09-11,27.339151449342523,73.66974462036937,5.7852855640580785,1011.1790479321811
2022-09-12,28.902069623308382,65.58112370219439,2.4727403895185134,1008.2078628057965
2022-09-13,29.618079326593154,56.58971069110647,9.17525023725026,1003.3028103282513
2022-09-14,29.253789246884697,79.68137942295722,1.1995410896735201,999.5226670675635
2022-09-15,29.767191983856875,73.47709396200305,4.852125996442469,1000.9290164345393
2022-09-16,31.823253516160793,59.66116086594325,7.260350720768586,1000.5638072173913
2022-09-17,33.12681725832618,61.86645206038362,9.470526034133144,1001.153971180564
2022-09-18,30.743815506284122,67.38093418643177,5.97543474336636,1002.1155743397808
2022-09-19,31.437439592866987,54.661365484724676,4.392902505630632,1006.1011628072346
2022-09-20,29.185325679982917,64.20267598379571,5.189623645873924,1009.5801055327273
2022-09-21,32.73920096917527,50.15969693150733,3.7444141847848713,1008.865738330763
2022-09-22,31.291155354970098,62.176729222784786,4.746612369281501,1008.2454337768836
2022-09-23,29.979836017130555,68.1261290851479,7.585119680058835,1006.9137560164731
2022-09-24,29.95261832232067,64.44574266659036,8.72201419108609,1006.9167604990384
2022-09-25,29.334059914169938,60.246597066464524,5.833909796905375,1007.6726819523859
2022-09-26,25.76357963685447,68.88480825913058,9.11809631253286,1009.3776241902983
2022-09-27,26.24360501164737,61.842082642163895,9.186890423053091,1010.3883065730867
2022-09-28,26.06374245421543,61.648048325683604,0.8975970906967117,1008.6156272511431
2022-09-29,26.066314728631934,59.73720132769062,8.889092140074686,1007.9826868068116
2022-09-30,29.528762893522448,44.01979454368325,18.113236199326842,1005.3275283922411
2022-10-01,29.50951521375198,34.84976993097933,13.352193205040592,1006.9542107615878
2022-10-02,28.869587765620405,42.90330106605356,5.201911276375657,1005.9392174830865
2022-10-03,26.33155398369484,54.79137490352179,4.10147982257677,1008.2745050444821
2022-10-04,26.535954375278433,51.70312539838421,0.03298272535657354,1005.9698712445675
2022-10-05,27.12625993733438,54.05984489346227,11.805531498726557,1006.393083814963
2022-10-06,26.177878754559185,51.967237964917295,13.936223686304078,1007.9387104300631
2022-10-07,28.11086681121942,48.425607094224745,7.220289207242648,1007.3314572392499
2022-10-08,28.541380471845073,50.07282655902286,10.391849432832274,1005.2914439150742
2022-10-09,28.85584874431892,48.2463631978118,5.719159871871075,1005.57240221184
2022-10-10,31.053873795446012,44.26796208359407,9.725300894886228,1007.2347912755478
2022-10-11,29.112428560736323,41.93259141317657,6.453959177898936,1007.3359555916389
2022-10-12,29.21964022619769,46.11228447250954,3.343263822219133,1007.8620058743065
2022-10-13,29.154224455010862,52.867475428765445,6.606250903359327,1006.9374326867753
2022-10-14,24.234597989570606,67.91441843784011,6.779031901483894,1008.0965911760318
2022-10-15,23.946294739296974,65.11762470988003,1.6191559315890975,1005.8742872486288
2022-10-16,24.062978768220233,62.155742299038685,1.5774335688710477,1006.8829565067206
2022-10-17,21.719485566934004,70.08035782790263,4.202194633763424,1008.0449123687479
2022-10-18,22.29473307081309,63.699868438876244,7.9247470124105055,1009.5213050738994
2022-10-19,21.52398575847791,60.487935418882884,5.168689017680054,1010.5641572086028
2022-10-20,23.843278107661867,52.815693275768695,2.546607398390585,1007.6192466241921
2022-10-21,26.679256467954353,37.213492714725916,4.245216440997197,1010.5498605908838
2022-10-22,28.508656597232786,19.057543605655283,8.749502918343405,1012.3117726142061
2022-10-23,27.363819415712534,16.654673478289446,9.974826144776848,1011.8321725798013
2022-10-24,23.16978334864386,38.15216085135621,8.567775007879954,1011.4162377575167
2022-10-25,23.739196789304778,30.820376403177853,1.6394091045054653,1009.963104292211
2022-10-26,22.585340834708965,36.20965309945002,3.423845991823133,1011.859593872266
2022-10-27,22.30060329781012,49.342089360993505,5.8829385639328695,1013.8430430637874
2022-10-28,24.695166465626748,43.51551789886062,5.630135337052605,1015.5842524224997
2022-10-29,24.274048117029796,45.286977839240876,3.377912733042963,1015.5596121697405
2022-10-30,25.522563470865418,49.73883376150454,2.8883718460458203,1014.7482842060489
2022-10-31,23.290357609431727,54.86465307356766,3.732063539504401,1015.5823185699428
2022-11-01,24.245238277943102,48.62199754210649,5.475916143027067,1012.5332839132394
2022-11-02,24.05702170363263,52.669721294540736,3.3275664917519627,1010.2365818280734
2022-11-03,23.38834013136935,50.480993958671064,1.340865298088262,1013.1789728424853
2022-11-04,21.91648055076594,51.972895794499564,8.023698338440628,1012.7955466858256
2022-11-05,21.358160635561646,49.08679903335829,10.318495373046446,1013.0487220215913
2022-11-06,21.88667874116715,40.985650536449256,8.549099671516075,1015.8517908549047
2022-11-07,19.975227881519906,48.64373775281412,3.3488232561634845,1017.1901631751298
2022-11-08,18.45129064161084,50.08824507868933,1.4736623768063772,1015.2446120155305
2022-11-09,18.18695280051968,61.74345658349277,5.614138931135187,1014.042755199227
2022-11-10,23.24803517464465,45.22572615690497,3.302310686337811,1014.6486724726002
2022-11-11,23.36710455441103,42.121181381886835,0.0,1014.111536001775
2022-11-12,23.085460030582023,56.211143366302466,3.0047710463707182,1016.359499386172
2022-11-13,24.397614046764698,45.55840566316868,0.5850044186559966,1016.8794245614647
2022-11-14,24.29036760415982,42.784963905288535,6.366776377860194,1016.1460426787323
2022-11-15,22.804058890292673,56.64793487579996,0.0,1014.8584288621531
2022-11-16,24.171969497360795,57.93244112255316,5.916287168866961,1013.345279788383
2022-11-17,22.445041247890067,60.464432333603156,5.807718295116166,1013.2924530185563
2022-11-18,20.170945110659215,64.1033801938966,11.25033266510954,1015.9459766718859
2022-11-19,19.201853961727892,56.51638869062532,9.56305777232559,1018.1465056335866
2022-11-20,19.419070037018283,52.04962060353473,4.099744145862793,1019.8892088855328
2022-11-21,17.082326477366298,63.20833529162459,2.59097976292697,1017.6091757710622
2022-11-22,18.63806487515117,65.66140060452844,0.17049006773856945,1015.9101779376384
2022-11-23,20.668810294855184,63.16203874562148,0.0,1014.0609724392634
2022-11-24,21.360028665320172,66.59083550118356,0.0,1013.7215678511266
2022-11-25,21.110437677642967,67.29972730778394,5.3329819563268615,1012.8859253263045
2022-11-26,21.555841569936664,56.335827969839116,17.793624544452108,1010.1015214589463
2022-11-27,19.272170499373576,54.14314871406194,9.579517108178669,1011.009525703412
2022-11-28,17.206807542163805,57.82873454751155,3.141313672749529,1012.9337438155035
2022-11-29,15.91224345585647,72.35801392050524,7.5856634922151205,1013.8283741313585
2022-11-30,19.212164688179918,48.12408570826854,8.842709686023163,1013.783682726485
2022-12-01,18.15097328058604,53.49540008398085,1.7198087956484596,1013.4844725501952
2022-12-02,17.8177877535167,63.58140874847578,6.008257724161729,1013.6583642193988
2022-12-03,16.637092165807733,65.88653902709852,4.49617689739707,1013.7761358171006
2022-12-04,16.625462156307904,72.75508468067001,11.042268371663607,1011.6208632194734
2022-12-05,20.320000830318367,45.76392934582964,14.503954768003162,1012.6383646349137
2022-12-06,20.8788628093347,49.79137418567835,7.957562795392397,1013.7889223439837
2022-12-07,20.349850371907873,49.08151353048245,8.219492350403897,1013.2992563196414
2022-12-08,19.64754003758089,48.72056689768347,3.6927061833668176,1014.2905155435479
2022-12-09,18.882086786731207,64.58083982685086,0.0,1016.2724837978334
2022-12-10,19.74446661183453,55.55307934704613,6.830955318725492,1015.2604248818234
2022-12-11,15.259752730527346,66.33409858602806,3.3497691732015555,1015.0872750352391
2022-12-12,17.362688436445307,64.5959044652271,7.245199256098626,1016.1293661542916
2022-12-13,18.666576536257704,52.64155038148066,5.476845449541568,1014.1742434180716
2022-12-14,18.90664896098533,64.89163953243275,1.159445181245788,1012.7599563654746
2022-12-15,16.51606469602589,70.63125129557594,2.707016010548193,1013.2280026499055
2022-12-16,17.56082218921455,64.19013120898252,0.2856655738020857,1014.2186594728041
2022-12-17,13.910611873263935,92.25437437574038,2.4717811754786316,1017.2569614585954
2022-12-18,15.171182918222025,72.40133711657464,0.9139675484997412,1016.5338795830935
2022-12-19,13.149633699628659,79.61140062685463,3.8960144050102796,1017.3031874835477
2022-12-20,13.53421905514054,74.11632054249297,10.93252112788372,1017.6532109556222
2022-12-21,17.23957957988702,57.38512774273438,8.54464543587953,1016.3647035798659
2022-12-22,14.80791297940794,57.824198520591665,10.218268424054774,1017.8778163862744
2022-12-23,14.137391863630976,56.11318761200473,6.356079241084565,1019.2313807462549
2022-12-24,9.826060472049711,78.77254030942821,5.5038539926080325,1020.4332740326439
2022-12-25,14.54231905964864,75.47684091918933,9.195179670002357,1019.8934541034517
2022-12-26,16.039942068747514,71.94724428793172,9.823280307956185,1019.2005203030542
2022-12-27,14.362562426603326,67.91017224535878,0.024874667108036874,1017.4732780170655
2022-12-28,12.668656437511016,75.35524606740073,11.064542562378351,1015.590564605231
2022-12-29,9.665795082887678,90.29553990804416,5.4658074041879505,1016.019549440127
2022-12-30,8.901421106757207,96.09119737397627,0.2448579084306628,1018.1749880864638
2022-12-31,6.348103052652902,95.93011592790882,4.053511210822511,1020.3314815451113
2023-01-01,5.607385342966587,81.96691059425069,3.576291374574118,1020.3050324863026
2023-01-02,7.249539726932894,78.50727683744957,0.8142570799429629,1018.4088044817557
2023-01-03,8.864430565143369,77.11364253270875,5.731325240718309,1019.4717765262369
2023-01-04,11.792490871505542,61.458121231166245,1.876772223274079,1015.5933605024763
2023-01-05,11.867829495283186,67.3618975534144,10.336731793704159,1015.866258088994
2023-01-06,10.873385625640495,70.70711385537192,5.843268404483831,1016.329446917517
2023-01-07,11.497175221094126,73.19143799176071,7.574979861354416,1015.4279478559633
2023-01-08,13.54859042785459,66.90945172474821,1.6403585866004224,1015.5904238975119
2023-01-09,16.324960296278075,71.15708334054904,4.389063752045669,1013.3132244842702
2023-01-10,17.054009027692214,60.90229451276992,8.358897374764775,1013.8618925389303
2023-01-11,14.593646341412725,69.55891529702683,11.943395549841377,1017.5854768267154
2023-01-12,14.019282424870678,74.13457863175744,10.391725381994913,1014.9964565491003
2023-01-13,14.540100159210901,74.68397109169304,3.6030155193499454,1016.2086337739566
2023-01-14,13.259347024963137,80.28291405244674,5.239576630103668,1019.2786560426167
2023-01-15,12.41973990445925,85.0207814970238,5.859649619014271,1018.7942534084228
2023-01-16,11.875883945546754,94.85542346774086,4.253329477044124,1019.7828312536801
2023-01-17,13.053839263944143,90.68959599449269,0.0,1019.8744189368741
2023-01-18,15.48565710351831,75.73188873815403,0.3777762619950735,1017.7104900257203
2023-01-19,13.803813526607382,76.58261485639431,5.980076562631462,1016.4344376190845
2023-01-20,14.879663332471717,75.62111318279588,0.9033088031792529,1013.8424151979359
2023-01-21,16.181787567862358,71.61777152431856,0.451541845614126,1013.6298768574309
2023-01-22,12.839829599361302,84.49894343403,1.7178229678318324,1015.9034409462433
2023-01-23,12.882475531420429,87.50999736722068,4.199248314311348,1016.1443693918908
2023-01-24,13.28642510906118,86.88393941733868,9.08322151554487,1015.9538785738712
2023-01-25,15.63509921913876,93.435620376392,0.0,1014.5869191501882
2023-01-26,15.297978141021616,86.21192776268673,2.6078410275073796,1014.8521984340043
2023-01-27,15.404319293092529,73.87524949725912,8.12991427142039,1015.9934190906793
2023-01-28,15.19288274497325,72.13051805837753,8.443047771108052,1017.6133836765445
2023-01-29,15.018707836262719,74.97198662438468,10.500548100909842,1019.2101016605759
2023-01-30,15.810212894062378,79.77515004819132,6.765702549608467,1018.3540440987099
2023-01-31,17.42311487371434,65.9977480604987,6.0272046876708565,1018.4116347881476
2023-02-01,16.990495579277784,63.323568466690325,10.839583921365243,1018.1388493540151
2023-02-02,15.918544934953847,67.02698904594362,9.073753934367108,1017.4007220380724
2023-02-03,17.594229825009048,63.65273282852293,13.530530002618615,1017.6968876861846
2023-02-04,15.300646948980127,68.34310747010599,5.561633520953991,1015.5843685046257
2023-02-05,15.009031505572494,62.76003557216923,8.369767746365714,1017.4568112745519
2023-02-06,14.84599272318436,56.96251735795539,6.488389778496632,1018.6543524900493
2023-02-07,12.165988628904817,67.17416238846324,5.92703536718132,1019.1509820759603
2023-02-08,16.24999794906022,60.61530204366585,0.0,1018.0300322099412
2023-02-09,14.703481204008575,72.79889759658008,1.2774451983985093,1016.1821210605638
2023-02-10,15.484343527873476,63.022657412499534,3.6785593629503026,1014.7348148628228
2023-02-11,17.520153619258387,59.41847575466312,4.989225534409391,1014.2054297117492
2023-02-12,20.33362729208384,64.43786947405096,0.7015538763825591,1012.061878030281
2023-02-13,22.609746711684565,67.2530617517273,5.034762985001171,1010.3876325923026
2023-02-14,20.329181323174577,86.28277139224606,7.210154656527553,1011.8060013680968
2023-02-15,21.09237132889183,86.78379922627572,3.4932467234645452,1011.9137657982532
2023-02-16,19.19726916626018,81.58070180397436,4.098732283449479,1014.1031923064644
2023-02-17,15.81165346813969,79.98119135268092,10.905571358436694,1017.2586717634861
2023-02-18,15.234781795620957,92.37327695240536,4.270139405463244,1015.5909991321064
2023-02-19,19.27118898719937,76.73188101310484,4.990021299560091,1013.8240637637431
2023-02-20,18.77820315558034,71.46418897041197,9.374845474446213,1013.5957245091739
2023-02-21,17.771861379247138,71.42221615888987,9.784509692167239,1014.5792849625838
2023-02-22,17.094159239249905,62.847809762314625,13.758239429789144,1015.2037031005304
2023-02-23,18.218478819343304,60.68283800927101,10.730573761616906,1016.4423945233589
2023-02-24,20.075162491237652,48.857664861021824,6.189883231706235,1016.2450183099957
2023-02-25,19.942968708045665,60.6148739249321,4.776811484177351,1017.8811251049153
2023-02-26,19.4597701193419,67.09076940317938,10.483090653073731,1015.2096698345599
2023-02-27,18.25715676640698,72.97067921287227,13.183667776924569,1013.6838515776532
2023-02-28,19.031108332413385,67.52033206381867,3.774499263213448,1014.4077567972195
2023-03-01,17.758127242333913,67.30502802470266,13.052408331400777,1014.1349802124204
2023-03-02,18.74991301895354,61.58233191671606,8.35668055232067,1016.1372876750263
2023-03-03,19.054965757980046,65.39675123789537,6.949295183034344,1014.8671166270633
2023-03-04,18.333231904227013,63.45363107961415,14.737855119495883,1013.8728421273692
2023-03-05,19.485056966580284,59.746071340688516,12.566432833784699,1012.10565627096
2023-03-06,22.49097630871707,43.302690236618986,11.393996189694636,1009.6351347794399
2023-03-07,21.200194850334043,51.01671076580923,2.491770169601681,1011.1466486879478
2023-03-08,20.39565186342176,56.36844231848444,9.915008902648186,1012.2492336998419
2023-03-09,19.206629795649466,55.97112024122055,4.417227879471195,1015.6839798141079
2023-03-10,18.46178598527526,55.16022431959726,4.090713073726931,1017.8275933803328
2023-03-11,23.004921273682548,52.85174981263345,8.851915331370812,1015.0658389862183
2023-03-12,26.278785226431292,52.54709036139015,7.306894385798464,1012.0909864749543
2023-03-13,23.785368906903788,71.29825563920326,5.497639553342678,1012.1122775449088
2023-03-14,23.195648947866083,64.49387991747585,10.62349456022229,1013.2532441279889
2023-03-15,24.852794072712623,57.452121870579724,6.939440934510504,1009.1502437261819
2023-03-16,21.15307033006563,62.55113977765942,10.884876729320613,1010.4534481935731
2023-03-17,23.67290783037066,38.2633652772867,9.04456501035359,1010.7957965182517
2023-03-18,24.2057740144795,42.709906228604424,8.687618019515115,1011.729129863404
2023-03-19,24.519218731644553,35.14950731120548,12.389012559034663,1009.7161842622509
2023-03-20,23.739116611033097,33.65900609167758,13.421033176291967,1009.259946674063
2023-03-21,21.70758434902337,45.425384598046385,9.583872262426343,1009.9860619159093
2023-03-22,21.700295246673907,50.707237184741544,4.470047035488975,1012.6498722539103
2023-03-23,21.333902763037745,62.081290886339104,8.630845693861325,1015.3966008869365
2023-03-24,22.402794455678524,67.85361319508601,1.275013220971223,1014.5735040096388
2023-03-25,22.73268785065649,75.39879933067067,0.0,1012.0205111076389
2023-03-26,23.08739182803966,69.27532111203004,0.0,1014.2000903380505
2023-03-27,22.873879970163458,62.38919400616603,0.0,1014.9422716712105
2023-03-28,25.01753158446957,60.33344839328593,4.554178639478335,1013.1535655983608
2023-03-29,25.41666265879383,55.80228002737506,12.818241188039691,1011.4870968037964
2023-03-30,22.61294931579141,69.37188074498614,1.5929295761238453,1009.2309654963891
2023-03-31,24.413090829050798,59.92951612337862,8.296585407469136,1010.4725202058866
2023-04-01,23.407737636679965,58.549144450216545,10.573209662344244,1008.4026921852451
2023-04-02,23.073025411323442,53.605873710380386,12.890663123173727,1008.3172463904014
2023-04-03,25.48896023633402,51.74225906449382,10.848971747912364,1008.8297371310055
2023-04-04,25.196269576271312,41.95586654987654,9.879940057189145,1010.8834393529281
2023-04-05,22.78096544774785,46.2130678586664,9.426368321267216,1012.0123700757326
2023-04-06,22.33958871246665,58.19978014817023,6.355318062322029,1011.0097906998762
2023-04-07,22.80543520651086,57.88291226961773,4.758489428270947,1009.9206537860922
2023-04-08,23.514980563728106,69.75103995444908,0.0,1010.5914505445826
2023-04-09,22.292740662569933,73.79489311358759,0.0,1012.3777273152741
2023-04-10,22.022585715158755,75.84668384244728,4.815396958368806,1011.6128963776921
2023-04-11,23.13879602672304,75.14519297221084,0.9410018739325707,1011.1618619000106
2023-04-12,26.31440971045619,56.109339279902436,4.762235784467663,1008.0848123549025
2023-04-13,27.44755692191021,56.13909924335081,7.140090934517126,1007.0284703599532
2023-04-14,28.186876520118663,49.51010449878275,8.566192814556736,1006.2141675736597
2023-04-15,29.85576415905204,44.82519439811975,7.527150441157098,1001.3061452156097
2023-04-16,29.475363476445338,46.948947280624886,6.812123668003641,1002.5248030332473
2023-04-17,29.46781317690958,44.6587592176622,1.0014316674380446,1006.5282163207225
2023-04-18,31.953811301923473,42.52109660333835,5.843374733601303,1006.0101864885683
2023-04-19,31.233156134502586,37.20962196223422,14.424652649784498,1005.0298788709183
2023-04-20,29.30911250666308,50.784478186782366,6.466135107902566,1005.6745173662756
2023-04-21,32.11845809868259,31.561002239843123,8.541818320795901,1003.7998545734889
2023-04-22,29.520835351951437,36.55615169962951,7.700174723779735,1004.3851552160895
2023-04-23,29.22802024972169,30.453661224805845,10.494345616033527,1003.6950725054519
2023-04-24,27.783078012864586,36.68458067104197,3.944565172631374,1005.6340679377112
2023-04-25,29.59853844897249,34.001415167122026,5.505642580719205,1004.4154132985312
2023-04-26,28.206923529209096,35.241450772877755,10.373691016924566,1004.160996937576
2023-04-27,31.97229348298175,28.358807843388625,12.894152157476602,1002.5792772025559
2023-04-28,32.70890813746434,30.384943342149725,14.728741633738135,1001.2073127664531
2023-04-29,34.826548093732555,27.877348192352414,15.318437095217813,1000.387594407373
2023-04-30,35.81078195208909,22.550107597961492,13.68396844268371,1000.1654841367651
2023-05-01,33.411748685495795,30.53123901129456,8.168094152523778,1004.4771943535912
2023-05-02,34.36915659755424,30.001527058036572,8.518410019655846,1007.5959872387074
2023-05-03,33.88423602821068,27.545927336867706,13.440792901802116,1004.589580583072
2023-05-04,34.56414981466821,22.24412875366319,7.84625956127108,1002.0459548410211
2023-05-05,33.96837167005033,27.25619338603026,1.6043527147229764,1002.9793460789775
2023-05-06,33.129859524008026,32.496908786363086,9.574771189304782,1002.870353660398
2023-05-07,33.05660377398438,33.6236846883169,12.071338791521802,1002.2216184353266
2023-05-08,33.36803280383132,31.884334659628134,10.877764884888128,1001.3020835187475
2023-05-09,33.3892893542453,36.271054479964675,14.530578742093976,1001.5114020618544
2023-05-10,31.763922586882124,42.03614040771906,4.671325258320053,1003.4419065215641
2023-05-11,32.58274055933684,41.80787071714053,2.517681920669961,1004.5671790246331
2023-05-12,33.67798009612552,36.519504208812165,11.17572904392352,1003.0318524859003
2023-05-13,34.79814264003014,31.58275513425211,5.9036295773496565,999.8107114248666
2023-05-14,35.44319797176437,28.1933967299914,12.081764486634482,999.6572999529557
2023-05-15,34.27079457977184,33.097739444175,7.708713729255807,1000.6468814855955
2023-05-16,36.466651471056615,30.134688135259076,12.284998005122432,998.6373878472886
2023-05-17,38.442577910282125,20.064194769711467,5.247913130631551,998.8832288283467
2023-05-18,37.816501855405924,26.332461119831823,9.796520364401891,1002.655761050917
2023-05-19,37.84727975138587,31.310147734879806,10.73052207411873,1004.2071729241874
2023-05-20,37.178318956918574,37.762870825858734,14.510366211875866,1003.5098165690787
2023-05-21,37.39577581619878,38.133843917980336,6.134778350800416,1000.7573191911521
2023-05-22,39.34372903455903,25.43485981927357,9.696668434011386,998.9435147984271
2023-05-23,39.48029346981265,26.815180828657397,6.928405727769549,998.1265160261656
2023-05-24,41.5182755446342,14.494928348226843,10.937257839025934,996.4961035037082
2023-05-25,37.94219197139936,35.365649136274826,11.49336178136191,996.9645733808654
2023-05-26,36.63427785568789,35.98768602819425,9.393703610784772,997.8786449710441
2023-05-27,34.508918912649754,28.237846171580223,7.260742041820693,999.0812606727449
2023-05-28,32.48343256109216,32.57015609418376,10.57765863753862,1000.9456798474096
2023-05-29,32.171251153790934,32.49951996284309,10.835096417783477,1002.3326110015558
2023-05-30,35.19254999161291,31.056478661757108,7.501733862933706,1001.4634693106765
2023-05-31,34.51078137196326,40.915666083930844,10.214079938712315,1002.5568560884736
2023-06-01,34.16150420375894,40.38685500110564,10.476658907433057,1001.8133703364215
2023-06-02,30.7061465624494,53.64039445492391,5.613313732964007,1003.484588041648
2023-06-03,29.521799214804663,62.00396639643551,6.7111274033090185,1004.8050987358554
2023-06-04,31.22083140293746,48.49094752070488,10.766003933540473,1005.428292196585
2023-06-05,32.29729762102374,39.351379764356196,11.187066444412963,1004.1109912466318
2023-06-06,33.383077775771625,40.672965632439826,6.050730836506402,1001.5249719004222
2023-06-07,34.63529613113686,37.4303756714597,16.94590700202653,999.3758433497063
2023-06-08,31.868552012823855,53.03297739398279,16.622083076449307,999.1792029409017
2023-06-09,33.12169583237914,44.41406661285801,10.925576246314352,999.0548576833917
2023-06-10,33.934560847205695,48.662603143927306,11.321174953197936,999.4720496359449
2023-06-11,33.70081059440764,42.68874470867227,8.204460283209412,999.1052440533027
2023-06-12,35.79963605872301,35.13085840513505,9.267725548903126,997.3608619548952
2023-06-13,35.089683041399645,44.033121461665964,8.473384060274693,997.127030878379
2023-06-14,34.021097884460985,50.96431994511461,2.1443366498621677,997.9247030894702
2023-06-15,31.47444649635944,55.61582446292299,11.444552813240977,998.3561124599394
2023-06-16,33.52689135379137,49.46899531442116,15.355203404248568,997.5170159748768
2023-06-17,33.428509511211736,54.44116793633609,10.08087696756844,997.0192255972672
2023-06-18,32.46048117028743,53.685687548108795,13.948978887424936,997.1363813056564
2023-06-19,32.35174134340634,52.761294318290176,16.77268942457195,998.7858021584759
2023-06-20,30.89109825367235,64.92090333452046,7.576066731088255,996.9189074581527
2023-06-21,32.18885758419098,61.22564288487303,0.4415556196494901,996.9340004165393
2023-06-22,29.607276952533123,69.75679653117871,10.135062455273454,998.4871954109689
2023-06-23,31.41480317734995,71.8667202231462,11.608081351516407,999.1724290727548
2023-06-24,30.923497129100433,68.06974457912499,4.138041129865856,999.0870897125133
2023-06-25,32.27667480872451,67.73961945325,10.754856330044124,999.150503132065
2023-06-26,35.479646962939405,48.032951741676456,12.152946764710379,998.961991986142
2023-06-27,35.507284264798756,38.68658947647901,9.86438729683336,998.1845714733887
2023-06-28,32.5960010626108,46.187671212147535,15.676229174179646,998.97360785881
2023-06-29,30.956241882305847,49.98295619296306,13.365291464039691,998.877882109116
2023-06-30,31.40740301899236,54.749696099649746,6.8056300034152795,998.8126115140934
2023-07-01,31.16435485503977,60.92367107813336,2.1722238683965003,998.6252594961438
2023-07-02,31.737432642267244,63.06412602942314,10.688254246371994,997.3500867535521
2023-07-03,33.42226568865273,66.52641266090289,9.476138800505625,997.4887274959909
2023-07-04,34.52014014774939,65.23962724115584,2.891739150208756,995.8248300359124
2023-07-05,35.29305855030314,65.58728392889005,10.135271074183873,995.8947921141634
2023-07-06,33.980569787661395,65.90613516210544,7.935956855433605,999.1397198834968
2023-07-07,31.521201870707795,63.02662610974955,8.385742836575828,1001.0558490782311
2023-07-08,32.65675835892965,60.93156376224358,9.193203354968409,1000.2542730301933
2023-07-09,30.948196925483895,66.62960871561442,6.310916278695473,1000.5090128025695
2023-07-10,30.684189809485794,78.01336317778134,8.15063043547903,999.1243650651767
2023-07-11,32.02357370949584,65.81721277652333,14.137505800401387,994.4867726073264
2023-07-12,33.20912301075678,64.32125727116929,6.296736117435515,996.6122624426058
2023-07-13,31.91979071892353,66.29311110988324,13.523968404442982,997.7427530440498
2023-07-14,29.580389372696843,76.79745113876766,6.773377022775429,994.6552575033128
2023-07-15,31.285924414458705,73.88374076613914,4.664704916777106,994.1339190643055
2023-07-16,32.51568597597746,66.16796365291813,12.658264508410504,993.2790932001409
2023-07-17,33.874601246810144,57.94941541888858,6.83001083895453,994.2411965628153
2023-07-18,32.12462619128642,59.635474269587434,12.459362099189107,993.9895806516574
2023-07-19,32.76516707478192,54.582446059520684,9.802664816324299,993.5143979953568
2023-07-20,31.05850933574744,71.4597340536206,8.778352999636029,992.4135716299269
2023-07-21,29.235378539156066,80.5179538262199,4.7609430240427875,993.7764443545393
2023-07-22,26.39123746669267,89.97377949877162,6.965718180571836,995.6222679897159
2023-07-23,30.36043008084483,66.50514633680218,4.007526111054137,995.505491303707
2023-07-24,30.562511586785515,72.86237904222351,6.756004410582268,996.3876474738798
2023-07-25,28.490237019277924,78.34179050103211,9.879403469871606,994.8611995572742
2023-07-26,28.24556381586922,78.0643331744607,8.588225147788124,998.1712473185063
2023-07-27,27.354628180932423,74.77775871268598,11.624020189734697,999.8840995535146
2023-07-28,28.51743694799784,72.83336131546699,8.056836581559262,999.9757227164013
2023-07-29,30.20750894402602,69.29848185091649,1.3201600673710514,1000.2927369058664
2023-07-30,31.026990542134058,67.18018365409921,7.571682757320267,998.9061864326616
2023-07-31,30.014120227580424,77.12843504913373,8.631292027028218,999.4391593020382
2023-08-01,29.467130286388105,79.16614101474843,9.00104736924622,997.064400238487
2023-08-02,29.705281896221713,73.67851974376958,7.757412580768629,995.6361875445664
2023-08-03,29.04202639399731,80.25572881867775,6.341083803094062,998.9912838047434
2023-08-04,28.235756316055983,80.00746025848413,7.598560067276682,1001.6837679829414
2023-08-05,29.41537831188283,81.09291217093337,2.4551973351640024,1000.5384632603677
2023-08-06,28.57504583878975,88.80967417718009,1.691112832227346,1002.1097858678087
2023-08-07,28.994280799359576,83.0166615601302,3.611212024709205,1001.954526464268
2023-08-08,28.158357937149855,77.80566561685326,6.102119711330248,1003.563197087473
2023-08-09,29.55663699999392,74.71962401746306,13.316642564664276,1005.0531329447267
2023-08-10,29.765302593596363,79.47699527182594,9.531473904486905,1006.2623430504945
2023-08-11,27.1135379013993,90.04346510108444,10.60548406203465,1009.0163003670192
2023-08-12,26.597289551412494,95.91173336967367,3.687639252271032,1008.4055081518454
2023-08-13,32.03747102145203,80.25285269095086,0.0,1005.0079939586251
2023-08-14,31.373800898315057,82.51782604746764,7.705258910424104,1005.5049422090019
2023-08-15,28.36813264476237,88.22298134738803,8.028038251166427,1004.7012201769747
2023-08-16,27.73339252477043,91.02759359198184,6.717991615351463,1005.1060129243938
2023-08-17,30.389287232203152,87.41394426349211,5.371353721812996,1003.4927251134158
2023-08-18,32.269262792122674,73.46924992331326,8.41140876723682,1003.0657777679182
2023-08-19,32.79366797882069,59.15195021906408,10.586859127449396,1001.6699442538157
2023-08-20,34.08229220222402,61.98109641465169,9.23971916141629,999.984103546203
2023-08-21,33.87494918761916,69.25361663451602,1.3397854265179197,1001.6713541168651
2023-08-22,33.627434349822686,75.69835335549824,4.663089094270232,1002.5837733481487
2023-08-23,34.72216840740686,71.91302718643468,4.407173370770554,1002.0700293125554
2023-08-24,30.769288332681263,80.38761303770093,0.0,1002.431643260795
2023-08-25,32.54843690429993,70.79827339200368,0.9519594815364307,1001.9115152068325
2023-08-26,35.16730949103765,63.61490236327802,3.157484623132585,997.6489699915351
2023-08-27,36.763539143467234,53.28014868609271,14.593287676383227,996.7382534373667
2023-08-28,37.26781727445947,51.669094509499644,15.021349358943038,998.8446613073429
2023-08-29,33.30226541381791,69.95812877237675,7.431144037666945,998.0170496067201
2023-08-30,35.11651328312801,62.09655557755624,12.445321315106245,1000.4602763817516
2023-08-31,33.90651482057116,60.95202366415957,12.006769048425411,1002.3451785666472
2023-09-01,30.589946949667265,69.93742227155612,8.766814933754654,1004.051605737964
2023-09-02,31.122901024884467,67.32412871278778,0.0,1003.308269696533
2023-09-03,30.315363836920966,67.10802639918099,7.779832601381965,1003.9840623175184
2023-09-04,33.96896322873715,54.547981824353116,11.241210645292925,1001.0789256816366
2023-09-05,34.988626785007135,53.584492392905744,7.3652290755563525,1001.1403232415796
2023-09-06,35.29838304601931,61.50912735049022,10.69327042236102,1001.9254653301684
2023-09-07,32.990172360949785,71.94664455145498,10.843208958992523,1001.4379514546889
2023-09-08,34.07768001258548,72.44104903274629,11.980890353643439,999.7126857759758
2023-09-09,33.380456516843076,80.09129412265122,7.109462976859781,1001.7790473437936
2023-09-10,33.97004826720996,73.36489419359287,3.717451614017838,1004.0983078381046
2023-09-11,35.19217920776116,66.49120315499033,6.014230237147454,1005.1872167165177
2023-09-12,33.75934309615213,54.69190402328495,10.686595260275562,1005.4220490167398
2023-09-13,33.57961768970835,56.72713898500646,11.976914460772683,1003.2754649574965
2023-09-14,33.6771633908235,55.42190225186335,12.71816401235284,1002.3463374300575
2023-09-15,31.39005630505723,68.13529618137285,6.84552236049992,1003.2075229182536
2023-09-16,32.64997468800431,59.38245071202891,7.985221974929757,1001.5865257173135
2023-09-17,31.375242176382276,60.399133761876435,7.180749149623811,1001.5811011284428
2023-09-18,30.24640826884725,64.24212225824917,5.416764833799579,1002.2664092750805
2023-09-19,29.3880589383698,54.956932855057325,8.088788725203461,1006.1371269846459
2023-09-20,27.853006992891093,59.176379603659186,10.095368291103892,1007.7369958988802
2023-09-21,26.4219561941608,69.89937378854236,10.914147350399078,1008.1551083922853
2023-09-22,25.17678987377015,74.6175104326339,0.0,1008.0716219205585
2023-09-23,24.733916909570304,76.84203494569077,3.3234122611058723,1010.3600335911441
2023-09-24,27.02362688025982,66.7764380466211,6.405487541792244,1011.5232350743223
2023-09-25,28.923543065193854,49.807116404054945,12.847004059353791,1010.6429946679375
2023-09-26,29.35714819185585,51.27986117902947,4.951895841098652,1011.6643521077962
2023-09-27,28.117921271743167,48.00376068074164,7.639657241395855,1010.8435465309556
2023-09-28,25.82017975096796,57.4381449402522,8.65236953606436,1009.379787307746
2023-09-29,26.61932586373959,55.50537907739027,6.155940614558087,1007.9356979837887
2023-09-30,25.884151982313387,61.092732752593484,2.8931536650221004,1008.3883001874175
2023-10-01,25.480557580716194,64.94790869502759,1.8967257342893182,1011.0711437944922
2023-10-02,25.029446573183048,67.84189646574129,9.834434011220587,1013.1312127948322
2023-10-03,26.804029527696617,62.58767312063281,11.729128373219996,1012.7182715694457
2023-10-04,26.860275544637336,66.15225976327088,4.716909154980957,1013.8639115666265
2023-10-05,25.999971844267904,77.28609972263573,3.868127921487602,1013.2121094883715
2023-10-06,26.674094272072168,74.92108023431162,4.320312197217175,1011.4742753214231
2023-10-07,26.323979404106392,77.06224195056487,3.474257690441506,1012.3752862497083
2023-10-08,29.688719438655625,57.934152275216,14.004715684084672,1010.4186461262384
2023-10-09,31.634197691015792,56.87964790684455,6.7598902515805745,1008.0240438858135
2023-10-10,31.335531565828475,60.351584356208726,5.173039862450896,1006.7954363283186
2023-10-11,31.6988575951127,47.01381168572112,6.692297459663257,1008.0771859256673
2023-10-12,29.487554990358454,58.53616462962806,0.0,1010.5022197550892
2023-10-13,28.98719571339181,55.084174043691206,6.697824194137058,1010.758677298823
2023-10-14,30.247876096426175,50.78514722934426,8.007217977164558,1009.5165829138391
2023-10-15,29.44468424438916,59.88664415558676,5.733771790741752,1008.1839607662379
2023-10-16,28.301686148822167,63.30790320222038,4.392113110951241,1008.5683061972003
2023-10-17,30.40954828719901,65.38752172898121,0.0,1008.1082006807721
2023-10-18,28.96528106173913,60.28278427878827,3.5637508232913353,1007.3179944033933
2023-10-19,28.90723486103323,43.843640646130666,5.836713407661082,1010.5236533191431
2023-10-20,26.226796862007053,48.23528937391927,12.549098752399917,1010.8653161823356
2023-10-21,24.473869212694595,53.839548234898295,5.218472721474822,1012.955699286435
2023-10-22,24.81605527533861,43.55013217319147,11.011875686308795,1012.4150304248051
2023-10-23,25.36108475075558,43.6010976007003,8.677054592113686,1011.646898920251
2023-10-24,26.302998313260943,45.624809197643486,7.597339836830006,1013.2557840145455
2023-10-25,22.956503086847924,59.830929830246504,6.461612194703492,1012.7784320731344
2023-10-26,24.74236147876697,57.88518064913016,9.529072073953921,1012.5450295497385
2023-10-27,21.64729379056282,74.14515312969334,6.860307747735224,1012.894225805613
2023-10-28,22.25250419438993,67.12774432575836,7.249249244199267,1016.675247187256
2023-10-29,22.996560467486333,71.56132777951183,2.9686935684100555,1017.1267986150979
2023-10-30,21.538222358256654,83.93948843717745,4.862973022302654,1017.0381645113763
2023-10-31,19.245156096478567,86.55265727992048,8.833346967237244,1013.864653331065
2023-11-01,20.351292329270468,71.0459535818028,2.3458416889478846,1014.2417163496473
2023-11-02,20.082383393767707,68.11903331768993,2.5517284422083266,1012.7011107719974
2023-11-03,23.508457829491597,54.06441355350452,2.642980561739635,1011.2274637454358
2023-11-04,23.17719707032969,51.63957600386273,8.391407120173916,1013.3939889005637
2023-11-05,23.655946765912805,56.04417540463599,3.367841813498423,1013.0807248634163
2023-11-06,21.78067724804247,69.27479038583118,1.2040930304108763,1012.2519724055405
2023-11-07,23.483311941659384,61.8591793433896,0.0,1011.6580918711416
2023-11-08,20.45569928077937,65.99682942098406,0.0,1012.0801572151502
2023-11-09,22.108986531267846,52.25164091577342,7.312464048878425,1013.182221445046
2023-11-10,21.076288093770632,51.84444581094465,3.049246848465443,1012.2101145520734
2023-11-11,19.602541612928487,57.680899401890535,3.4671003537646214,1013.8562467027643
2023-11-12,18.21790383445618,74.48551416039706,0.0,1015.7505851591194
2023-11-13,21.422971998352008,66.96687114920118,0.0,1015.4873836439616
2023-11-14,22.49483808839689,55.42434413805932,4.3012651516978195,1016.4875192474848
2023-11-15,19.418663167097836,67.0758062529201,0.0,1018.4029220395529
2023-11-16,18.963085741939327,72.58546526569687,0.0,1017.107675679342
2023-11-17,22.326909848743504,55.644808793609,5.496494509798158,1014.4065716211378
2023-11-18,20.331818170068964,69.46498397931174,7.707475577188657,1014.2328966197191
2023-11-19,21.85704726988458,61.83218692477012,5.341110666634332,1013.3802007406775
2023-11-20,23.41222569899203,47.99801082890893,11.81233611758105,1013.0289326433947
2023-11-21,18.476204982012,60.078290318444196,12.015129457632547,1017.5444681302833
2023-11-22,19.265182342401786,48.771506491089056,10.022498064681681,1017.0153834998628
2023-11-23,19.26855793401259,48.46383931485915,0.0,1016.734824745943
2023-11-24,19.874990933157996,60.61300884928163,0.0,1015.3237477018771
2023-11-25,18.869015441190864,66.81519209725651,0.0,1014.3487144405738
2023-11-26,18.058670199117852,57.17562090581714,0.8703666588072796,1012.6932812998816
2023-11-27,19.57692453374945,53.35718170887871,12.381767267503438,1010.1129451971527
2023-11-28,20.49019863058735,56.75919896316013,4.553236956014224,1011.7320087746725
2023-11-29,19.128035115212622,61.51085664154884,9.661668225310972,1014.3944913078853
2023-11-30,20.10820062754241,50.60520208677484,9.425863314829337,1014.5363849825906
2023-12-01,19.682090518305763,53.882128099702875,5.768739509921782,1014.214078279291
2023-12-02,18.674330825085665,61.198109844291565,5.16464879974483,1012.789797312512
2023-12-03,16.63873886574901,66.38391780015682,9.52285699602981,1012.2736669405392
2023-12-04,16.983370772493398,70.66346357390721,0.0,1011.5153608696195
2023-12-05,16.475262598160448,71.14283391636172,2.7010551406796512,1013.2988092389869
2023-12-06,16.732205030205236,66.63570304061678,9.207966817497404,1014.856065171639
2023-12-07,16.76228851127983,60.68365893332625,8.054157243080233,1015.0696794703906
2023-12-08,16.730142496309174,54.41847817754484,1.0002265968463262,1013.7547560200277
2023-12-09,17.31392384787348,51.605629183051576,10.78309877574556,1013.6372681401003
2023-12-10,18.675140308160078,54.092727676544584,2.2288892798465505,1013.182140903348
2023-12-11,18.773478104177663,55.22819837419148,8.212637834398464,1017.2477258132991
2023-12-12,18.16717680255238,59.872674850468705,7.442204844079448,1017.349630351095
2023-12-13,15.624757111679253,82.6449988984034,1.6733201616979088,1018.4339657368872
2023-12-14,17.78216537190489,82.1942076630627,4.482657151233531,1017.1413062249862
2023-12-15,17.501432702766795,80.16402499048559,5.919302625024825,1015.873295801311
2023-12-16,16.425652539867233,82.00995773942643,1.508166752428838,1013.3252999638033
2023-12-17,16.45186453999288,68.65478674348009,1.0732134905385644,1014.5987499344236
2023-12-18,17.46642955305378,58.304185413041935,5.074682495161086,1014.6503446584143
2023-12-19,17.461712496545715,63.66162659209773,1.696912621771078,1014.7543070093253
2023-12-20,17.107853519134334,64.88833737118941,5.165341904853,1015.1285923392667
2023-12-21,18.504567007311742,61.7743465638219,5.247636820595108,1016.0532526025008
2023-12-22,15.767462326193543,62.43955006931098,7.443274724272462,1017.7163700695695
2023-12-23,15.35127291747586,72.61320158635026,0.5531105697296184,1016.24959686601
2023-12-24,15.246806611599158,77.19272824326954,0.5448364093618725,1014.7872069571116
2023-12-25,15.119329745213957,70.1575718457911,0.0,1016.8874259029643
2023-12-26,15.03137631932816,74.6298686747102,6.009776923912963,1018.356762037524
2023-12-27,14.625182715806712,70.44792836395654,10.239086961376021,1018.8209900829472
2023-12-28,13.959713949591226,62.98775191866311,9.465785771154525,1018.4133294253274
2023-12-29,13.636825742906797,70.70590889780922,4.280149144649071,1018.6726407591515
2023-12-30,15.329150336572031,61.45932797409197,2.752510860120556,1017.5820361217438
2023-12-31,15.381093091486003,66.56904030405393,3.7031665620285548,1015.9514800551315
2024-01-01,12.194611077588874,73.72344208714014,0.0,1021.5257346095341
2024-01-02,12.57031524461888,60.08254509189305,3.8987879461056383,1020.993030832502
2024-01-03,12.524503593659254,65.73409733198298,5.900447677594366,1018.5395369228298
2024-01-04,12.213077138537392,66.35080222845923,9.315100325655425,1018.9711165750068
2024-01-05,12.505550217732639,57.04724588735293,8.967159478652714,1017.2854568252937
2024-01-06,14.628092846062309,49.57698766556808,6.612846402894536,1015.2752411003287
2024-01-07,12.848214435537752,58.49356585464241,2.419076116297318,1015.8360747304806
2024-01-08,14.309216583542137,62.61915018066543,6.076172877818687,1017.1013083131878
2024-01-09,15.420654222410999,75.4327567373453,6.422647958883475,1014.9634649487662
2024-01-10,13.825928969610134,84.02958566678298,0.0,1014.7546868889345
2024-01-11,16.538523590138528,65.8967042959355,5.048007197886292,1016.0945113161102
2024-01-12,14.482534053662233,71.81600353782868,10.601658235066727,1017.0796235041157
2024-01-13,12.39656830706328,72.8295802908865,7.372496772711918,1018.4528890937551
2024-01-14,12.335371562878318,74.35913025173838,7.572132322191296,1020.0241411536106
2024-01-15,12.851101276931159,72.30147319844076,0.5986229233161664,1022.3523276557445
2024-01-16,13.14162872174651,76.11420037937962,1.1519230305327133,1023.5106363385211
2024-01-17,14.527197074487294,72.6349392570692,3.310522093833751,1018.2872811623769
2024-01-18,13.949503420139688,83.1451157175155,8.030758170532382,1018.980345024677
2024-01-19,15.719820194395412,74.48813002768989,12.237870965970583,1019.7188347901384
2024-01-20,15.517062839866822,72.04098087012926,7.969261292841326,1018.6583555229015
2024-01-21,15.743085170631707,67.0563461257677,10.42069328479499,1018.7869080990295
2024-01-22,13.88750739883762,73.83213084728473,4.8397189193838965,1019.076290059395
2024-01-23,13.63919172370565,66.73461794561234,5.124355310954455,1016.6834876284915
2024-01-24,14.595059487214124,73.22813792365889,7.414947582169587,1016.1751309830482
2024-01-25,14.629565819698595,76.37176248633898,5.76757311652939,1015.9339684488109
2024-01-26,15.653159264917846,79.35095281922486,4.353462298406136,1016.8590880685642
2024-01-27,15.660810869578679,77.5747482310622,10.946703920470615,1016.7310010597696
2024-01-28,11.45080060923617,90.02591225098578,0.653741255278069,1018.1374812144618
2024-01-29,11.612040327606733,83.43324540378796,2.939159382553205,1019.8041729781891
2024-01-30,12.448795730542107,82.96199195579558,0.5661758764905187,1020.0390836445785
2024-01-31,13.294929924258334,81.91124793095078,0.0,1017.2157285466315
2024-02-01,15.219769769093734,77.42047559398954,3.374366673251898,1016.9578207192143
2024-02-02,15.880395514190514,73.79324490182071,5.00348924614198,1014.0857098972017
2024-02-03,14.21915535441145,81.2859700868557,6.397777160931412,1016.0757782398879
2024-02-04,12.137350379355714,84.76045100051896,0.38431091359815195,1015.1301215344192
2024-02-05,11.108360269286292,88.68049433802278,8.054534384479206,1015.1221001247918
2024-02-06,12.87723873754963,78.8893074311741,9.950728036252384,1014.5376947921505
2024-02-07,12.032349061781616,86.92234077190696,3.7058525649127567,1015.9100173742403
2024-02-08,12.153891998603552,74.72235077151876,6.497097983095981,1018.4158086944177
2024-02-09,12.833050016887823,71.653397073498,4.928160013448717,1019.9468987397083
2024-02-10,13.423632925853152,76.49869480497694,6.8924081914513895,1021.00570916095
2024-02-11,13.895531004881377,80.11045904284454,2.308805721608426,1019.9927697508065
2024-02-12,15.592158375190003,80.92359639240709,7.132672942615906,1021.4704334989179
2024-02-13,15.607066858148752,75.8113335715902,13.42329406599728,1016.5118709868035
2024-02-14,15.93752070109837,71.9855896668872,2.1675143276834703,1018.6845375689204
2024-02-15,16.680861792542082,69.77729612179749,10.360516410340098,1017.1822187958128
2024-02-16,17.58153991651353,62.9738688261956,5.307331017347945,1015.4267558771915
2024-02-17,17.67811384613714,67.05797996110553,2.363232541260004,1014.0816415357061
2024-02-18,20.00069238163123,59.693269662417904,3.7104792884094833,1012.9501695250209
2024-02-19,17.55119207842447,75.10217963801394,6.469446516708345,1014.4965814224106
2024-02-20,16.864886588937935,72.66399148483934,3.589163126627845,1015.9989794254359
2024-02-21,17.83702461319478,76.72774649797248,7.396965024461017,1014.5178517854004
2024-02-22,17.81789281608559,87.60840690264146,1.147980208482294,1017.0176424319363
2024-02-23,19.06159901214076,78.82952463971861,2.8564041508305795,1016.1355393932832
2024-02-24,21.977638250674495,66.00212451055711,6.032553093133769,1016.5087451517086
2024-02-25,23.140706611548183,58.832670367797576,5.9269534251837594,1013.5832240989312
2024-02-26,21.640109512773464,65.26583894705445,1.3233796410530712,1010.8455100053968
2024-02-27,23.489736003840626,49.62521252190534,5.416789038740331,1009.4805799959286
2024-02-28,22.74835950139371,47.950034065355865,8.020593811412585,1011.012571622655
2024-02-29,22.43011875078946,60.070563616174795,4.61214183903252,1011.318788657685
2024-03-01,22.57394610445626,56.19372572952844,10.282141428443417,1010.1529961440904
2024-03-02,23.905628064166088,47.92136766734659,8.922141767289608,1009.2638715738004
2024-03-03,21.816034205475248,44.02030293773913,11.742873356863702,1010.2449619365011
2024-03-04,20.557425790464496,58.738225586114794,10.542939713178631,1009.7904446062861
2024-03-05,20.12377190336424,66.96276162031342,12.185266178707723,1010.7649549981053
2024-03-06,21.708513712997046,52.9645786388938,9.938108284566143,1009.8018548543323
2024-03-07,20.400634662509432,57.74258007850519,6.271298353140068,1013.8532702442787
2024-03-08,19.680436123268173,54.0766628738246,6.3151350590376385,1012.7853024433238
2024-03-09,20.091581037854667,54.71212807901982,6.339177607750629,1012.9044984807515
2024-03-10,21.646624120171225,49.3820960858874,8.278570139370252,1011.9702546101399
2024-03-11,19.601931679100574,55.279854874812266,8.802630359514476,1014.3340880817669
2024-03-12,20.38960515381848,48.15321637466654,4.483265095273792,1015.5144241049852
2024-03-13,23.559116317064642,46.787786209208484,0.9284653272693353,1014.7519703111171
2024-03-14,22.44061064718263,51.94142398537184,5.86889040651268,1011.7448492003432
2024-03-15,23.854786542345934,42.14796991964115,8.414271825669182,1010.6907859969181
2024-03-16,24.467167452757014,46.71249167288691,7.108117142831456,1011.8592593018969
2024-03-17,24.225212807444098,56.995582388697535,8.069584817296711,1011.0931717652987
2024-03-18,26.632967411459067,51.57599512116571,4.174871023185454,1010.6351955837346
2024-03-19,23.313362313441306,65.76661657531233,0.0,1010.0820278749634
2024-03-20,24.25774190655721,65.13316933425567,4.997981174312223,1012.2431067916111
2024-03-21,24.0300049295505,67.73926027721232,11.571103010780453,1013.7401063547564
2024-03-22,25.368705439110958,43.54956199951835,7.9222581932764236,1011.9744249430663
2024-03-23,24.852973268459618,48.43705133541803,9.641017446239529,1012.1827260974974
2024-03-24,23.08587758789401,58.94207478184969,7.364027385095031,1015.2920626244772
2024-03-25,25.478099157781784,48.3201955718114,6.1790269183699955,1013.5348776023927
2024-03-26,23.24743592075397,48.28441682493332,12.325459621061196,1012.2962423656079
2024-03-27,24.47306041938334,41.042570844141565,10.612939255812613,1011.3485533564826
2024-03-28,25.053782883567568,46.011665981348585,9.942277904043163,1012.4140004396768
2024-03-29,25.183729551252316,65.33757162391078,3.4626346889046324,1012.2220904659267
2024-03-30,29.380698983277387,60.081164293908756,4.880258799910593,1011.78384802182
2024-03-31,30.215985457143425,59.023011764849855,2.5217653918375493,1010.8957799116375
2024-04-01,30.541398551039194,48.60526766853896,6.789236218511352,1011.389101372063
2024-04-02,33.38974151817864,36.206003625718985,3.984084648830466,1009.2132089152626
2024-04-03,32.5719277292724,38.0004273774354,11.322404445305379,1009.4280788451412
2024-04-04,30.415925897119774,41.05430719963863,14.334222241469991,1010.5692989804331
2024-04-05,32.62971352295112,26.880577710420173,11.78415194415484,1009.7021863338134
2024-04-06,31.40881397356576,26.747908929495612,6.193444247662688,1008.0971856183385
2024-04-07,31.489423406311666,21.019631510266866,7.848104566097811,1005.7614714900911
2024-04-08,32.792797848295876,14.577459958601825,10.835919398678612,1004.6725883427034
2024-04-09,34.98974954493839,10.0,15.550579140320933,1002.0606867117615
2024-04-10,34.7343340462167,10.0,12.028160076844728,999.4271054796274
2024-04-11,32.55184356773707,21.579843443128297,11.634193629433806,1001.9301502078489
2024-04-12,31.61847371733385,25.90728917819734,12.489269254371699,1001.0886425296371
2024-04-13,32.34338327131929,18.842589052341502,13.093155003767079,1000.6925248835087
2024-04-14,31.624474525585335,20.733286949558586,22.85373750680254,1004.4284686565337
2024-04-15,29.714854659004743,27.685278575428235,21.61202312059622,1007.2135347645752
2024-04-16,27.873162965423163,37.48466695496586,11.507618490796434,1008.1397760110035
2024-04-17,28.733558233984724,39.355677436952625,12.466977831743694,1005.9832512673153
2024-04-18,29.179723012120213,41.87465994614729,9.762627424143394,1004.8861893943454
2024-04-19,31.749194206744587,41.82146911108048,13.151506919063975,1003.4927263713656
2024-04-20,31.01682717747099,41.991903072658694,7.2410058598793565,1004.084851156528
2024-04-21,30.245049952002013,44.03926765520288,7.472382739118579,1007.9619678353881
2024-04-22,30.562153369843454,45.432795540086985,0.0,1006.3381131561932
2024-04-23,28.335659985444767,51.67559008130437,2.7914656268895035,1008.6694552111744
2024-04-24,27.361254885396626,54.631809603381356,8.832146683201014,1009.3065432258253
2024-04-25,31.06810304732034,43.719549582522234,5.981473567589217,1007.1588803191803
2024-04-26,31.497913110025348,34.89523265430111,4.677262737277329,1007.8063205806839
2024-04-27,28.901268343580796,41.39546856503287,6.283854456645697,1008.9897316194306
2024-04-28,27.717233548912652,49.31142389561873,3.680626710859154,1008.6754782035272
2024-04-29,26.360597882684488,55.842284240746935,2.469398130090143,1009.3659223258061
2024-04-30,26.12579903143274,54.08883611066468,4.902193909741902,1008.6459430512409
2024-05-01,28.94222034822961,50.85994653554613,3.4706243036348763,1007.8585976055049
2024-05-02,29.192597286825794,52.09416863082748,4.461584695920021,1007.4494178552285
2024-05-03,30.5531277903573,47.5201328339972,10.217147267363814,1005.5064547468879
2024-05-04,30.11921765882001,50.01318124209469,9.603018163685876,1005.3424564800754
2024-05-05,31.099630254841195,44.32874677461672,10.723253787600552,1005.4235704695127
2024-05-06,28.27340585423655,56.26178672490556,10.573319670783878,1006.2509194532648
2024-05-07,28.408202703494286,49.81960372702247,9.753701843954934,1004.8862789276976
2024-05-08,29.70412097199508,47.15861452531819,8.174468338746975,1002.6658443885749
2024-05-09,30.394809011711754,45.221720883739955,9.040957972055567,1002.4896653808248
2024-05-10,32.62381064332645,37.376158985530736,6.685420719151181,1004.4242267820661
2024-05-11,34.01347226743711,29.934402617689383,9.020622242930159,1004.0840363405645
2024-05-12,36.091024281271096,14.459453027185276,18.346853904686647,1000.9717445326958
2024-05-13,35.63617914925311,34.76094324512774,7.67222095530763,998.5645934855372
2024-05-14,35.354841242905714,38.63294737353199,2.825852998624182,998.6837475219061
2024-05-15,35.65603657906026,37.05392506996501,10.496771274453872,999.5451958253038
2024-05-16,34.067672116961866,32.642421339355636,14.018168484092355,1000.5849079654097
2024-05-17,31.72822088728957,39.94731530891569,4.127830119549978,998.7800589945072
2024-05-18,33.10888782221762,40.382748657814346,9.331023012748604,997.8357127101913
2024-05-19,32.93941568268752,41.174397947958454,3.9760406159887296,998.2402365189131
2024-05-20,32.48069747304856,44.05273195685973,10.967037660506726,1000.7348604663666
2024-05-21,30.968098585482508,55.93042316481737,6.996582094364251,1001.6650380717263
2024-05-22,33.07242118731162,45.68453581355299,14.445708576470082,1002.8004388365764
2024-05-23,34.461868169874585,39.518784440897704,4.163303203133489,1003.7357252839947
2024-05-24,33.254459119631335,43.438238003046756,4.597376825184455,1001.3645744697803
2024-05-25,34.61893545615918,47.842478469022964,6.060140107163511,1001.0359820106178
2024-05-26,32.87624062395125,45.496406055490326,4.657970231885628,998.5416852817406
2024-05-27,33.03324399087866,45.17643249538343,0.23038924695934604,998.9162482004318
2024-05-28,34.88926037702918,43.966511682132094,3.7241010254499383,999.5702022072486
2024-05-29,34.28417898563236,37.26943990048166,11.015706651580144,1000.7570439543056
2024-05-30,34.675329642368496,27.733947794538267,18.807396546939263,1001.5134490133747
2024-05-31,33.505559873809666,33.40330805580684,10.566442265844133,1000.7271523036145
2024-06-01,32.71441794177678,43.79383650346416,11.096805140899273,1000.8023650488711
2024-06-02,29.858883575453,62.553877130355936,9.649881857052515,1002.3901458052187
2024-06-03,31.11172962090792,54.65412996684728,7.588847698724805,1003.8502062567256
2024-06-04,27.027472954669644,64.92874258827663,8.037020298729141,1006.6521743444247
2024-06-05,29.22256363227824,64.9699148358473,5.055519054249911,1004.9326118135178
2024-06-06,32.304131722341076,58.86077852230851,12.08938155865065,1004.2279836521745
2024-06-07,33.32348977783427,57.07497171121701,8.883600644672727,1000.9693259931466
2024-06-08,34.52567933994313,53.27374812814471,12.608627717627858,999.7561350015748
2024-06-09,32.785985432250826,61.74421488131176,9.28295655900944,999.4936588409438
2024-06-10,34.53361680120005,49.97118113923858,7.701837070820199,999.0573793459891
2024-06-11,33.31208583875394,59.81328904436087,8.272863433129288,998.0877683819433
2024-06-12,32.34111724592595,66.03815246493798,8.234286479550184,998.3032476264365
2024-06-13,33.90320073797352,55.30054774333154,10.997224289184565,998.5673789296749
2024-06-14,31.42041120317637,61.95498063610647,3.82063883273083,999.183597061961
2024-06-15,31.791401214466834,60.41414409886918,6.2633876657465155,998.8537854045371
2024-06-16,35.365141695879686,47.2847570200734,8.211626948561527,996.2943892935845
2024-06-17,35.58801955996261,48.35143916666349,7.302390182654348,996.6228922627479
2024-06-18,35.89103006031332,54.665128764504644,8.846817294339601,996.6106543824466
2024-06-19,36.61666108944762,53.8507614990259,8.280438638008553,996.586970292612
2024-06-20,34.25844337565888,62.87195390722567,12.211352298394363,998.8816255220244
2024-06-21,31.77431603067171,57.85210802511109,19.993168245483403,998.9259129182782
2024-06-22,33.61955300354785,45.89840736731406,10.45754540431517,999.6998891270583
2024-06-23,32.07412363756453,46.800311030230766,7.083006165153258,1000.1791860485315
2024-06-24,31.11281738294743,58.68389325676808,10.323464460269133,999.19778850354
2024-06-25,33.74210903117485,55.918274072487094,5.16718273244812,998.437090027032
2024-06-26,34.95139470952575,52.42047672998966,12.457186023441203,995.1041325037042
2024-06-27,31.708639520032797,64.25879957709094,7.603035322440167,996.9967506538917
2024-06-28,30.290606251530185,66.54253046274725,7.378705741288435,997.841697684689
2024-06-29,31.241389448079733,56.44256787555908,6.006169630215715,999.2925750671945
2024-06-30,32.415366123619975,48.72118437487276,6.675470956425746,1000.1722736175865
2024-07-01,34.384171320887326,41.54018362532504,10.327320080259085,997.4649560501563
2024-07-02,32.24971951492252,61.45665281429689,12.44647762909657,996.1499852900397
2024-07-03,33.71595342151597,64.61712515198406,11.360347189685505,997.6490017170801
2024-07-04,32.297081144079186,69.5242385114312,3.9500323367265198,999.6606257137354
2024-07-05,31.972023538054952,66.10146999056074,1.609099362292076,998.930716168971
2024-07-06,29.862389422134935,57.09915632543538,12.166293309693287,999.4473699313037
2024-07-07,29.346666045952475,53.67416946313267,11.235941172405518,1001.6653908717691
2024-07-08,30.171273749224493,57.910255614232156,8.475003822365455,1002.4838607669743
2024-07-09,30.957751743141124,70.33819359093619,6.171321031098083,999.7728323650053
2024-07-10,31.841970593768313,69.45393642203015,9.393311322216816,1001.3513319533788
2024-07-11,27.91284803440383,76.79227641962159,2.438132613218661,1002.8298410974427
2024-07-12,33.268281198070206,61.8437211869266,8.2624289851985,1002.5287792727624
2024-07-13,32.049512781240466,64.48856539118384,9.961735030795053,1000.2332595666572
2024-07-14,33.185117534013685,63.482501162556844,11.623724473658783,1000.3988721134735
2024-07-15,36.40615814639999,56.23993795277869,5.299840782361109,998.5367179059374
2024-07-16,33.601086336757966,64.10843249607785,6.173013270226595,997.4916196213696
2024-07-17,33.67258813706788,62.1867070727787,10.64258868686266,997.049757978184
2024-07-18,31.109383839339102,81.49694011496145,1.2577412050350123,995.642887359535
2024-07-19,30.9554202350905,76.4573295451368,11.232277039879314,998.8214489199727
2024-07-20,30.531551078855678,65.04598727437478,12.21745940281485,1000.544829447578
2024-07-21,31.16097757101512,63.53696124554163,8.389271860680642,999.892744268454
2024-07-22,33.350762815997044,59.96224042957553,19.460439597713304,1000.7621533187189
2024-07-23,33.71060630761392,58.27138416619059,7.887654345821655,998.658558030523
2024-07-24,33.08750221040311,65.7217171327559,6.186246222207324,998.7353340604398
2024-07-25,32.26581486378245,68.02280749744446,10.431444872849212,997.8620052971361
2024-07-26,30.947929958563872,73.63677204646652,11.436501150893948,997.3633458767455
2024-07-27,30.457551306717722,82.10967143570946,4.792844543236189,999.6981601775586
2024-07-28,31.3024494843797,80.316518633379,0.0,999.5124120948277
2024-07-29,29.14701135370599,86.3988168389716,0.9809845116046372,999.4348292040921
2024-07-30,28.34405304478716,91.39367346753578,1.1558095680900955,999.2177579927666
2024-07-31,31.368055494205965,89.0440506838575,3.5658973558265465,998.3129532160052
2024-08-01,30.361125379011607,83.77270520097473,7.7599844731953596,997.141077844691
2024-08-02,30.630010572316653,88.76513909838054,5.609777002776831,996.2925881529904
2024-08-03,29.824796579752054,93.6519864733273,11.834586104652693,995.6553086900983
2024-08-04,31.772260068901257,85.3156606134483,3.123837422075871,996.6620964997495
2024-08-05,32.141474641259826,75.62301336727907,2.8240860508361347,998.4206396799264
2024-08-06,32.320462075849825,75.40558303066399,4.606651109947193,997.8245718970588
2024-08-07,33.50030253806227,69.31704745673011,8.75880630893211,995.0072688694108
2024-08-08,33.01485550620802,67.54845154862022,3.3479071719000597,995.7485433231001
2024-08-09,31.276607701574083,64.11048348153201,1.3299923510739173,997.5481909673007
2024-08-10,31.44798963007023,74.46347817150479,1.9243828387292332,998.5407864538907
2024-08-11,32.13096142335986,85.84221298980313,4.7542685175659685,998.975303261745
2024-08-12,30.760445379725468,89.01194920058698,5.075007807207484,998.0128584736491
2024-08-13,31.383737870306526,84.04148980337912,4.391982004917626,997.4177870598795
2024-08-14,31.777113815187192,73.35834673627514,4.358831520255666,1000.341214714865
2024-08-15,28.974432338283417,79.33095205832937,6.879848178064986,1001.8833680010827
2024-08-16,29.387876428097925,68.85970677480032,8.603876056465289,1001.5795352209775
2024-08-17,30.60372026675806,55.815296996063964,6.9508517604666045,1003.3837745505112
2024-08-18,28.222924875285578,67.24694807376069,4.853802444205545,1003.8412299741175
2024-08-19,29.585746172485372,75.3067396642304,4.599304703378907,1002.8859913772651
2024-08-20,30.446200896814748,87.56875217218037,11.786054704726643,1002.8447430504185
2024-08-21,29.37877771579716,81.00147972890665,10.266469713838697,1002.3856072362116
2024-08-22,30.080649226707898,80.44676639802728,5.201863381637113,1002.6598793214687
2024-08-23,29.273494610445937,75.83887093164064,4.379695935357673,999.953015589222
2024-08-24,32.987668364764986,61.22488090353816,1.264275473189227,1000.4758466191536
2024-08-25,32.73440540686756,64.83166215176922,9.02231762164038,998.9338438477419
2024-08-26,32.86133903484187,63.85915269353613,1.196732186701353,999.1560042468648
2024-08-27,33.144497250712654,69.24243050993489,2.726747791907801,1001.5179762007559
2024-08-28,33.878536366337656,51.05469647220319,4.813671315216567,1003.6524048664751
2024-08-29,36.09369367941945,49.30707462734428,7.447816138604326,1006.3082152711514
2024-08-30,34.66426534154182,66.14835782106674,2.9306808124143258,1007.2174949456285
2024-08-31,33.09194895472746,74.28112290735875,5.199695934049746,1007.4314280904831
2024-09-01,31.96520669253395,84.31967335869435,4.547060672196744,1007.0440665061744
2024-09-02,33.08919062248702,65.17210879801672,7.484287853447961,1004.2213909611095
2024-09-03,34.62065618235992,46.645864136772566,7.12727498745345,1003.371792428714
2024-09-04,34.826608392340184,49.79510203668104,8.799468772068508,1002.8163832760386
2024-09-05,31.080177503813843,61.77931362327933,8.780071471737186,1002.7097798319321
2024-09-06,25.993184477944368,72.74312981629339,9.271671333271925,1006.9105340745733
2024-09-07,25.09345092850277,73.81822935204914,13.926462924286895,1004.9659265217858
2024-09-08,26.146390203025767,78.27996888954164,12.00265208577229,1001.89487598833
2024-09-09,29.02268012519775,64.22467576626686,7.461926819455473,1001.2677944384001
2024-09-10,29.544801508936107,53.9913075013611,2.4878208411581326,1002.7658972749009
2024-09-11,28.569244926271466,67.37877036013,7.840197459746569,1002.8212585093403
2024-09-12,31.30244323856536,53.51491124210557,6.717799675446275,1003.5501089932542
2024-09-13,31.441281258060123,56.90433145530114,9.08693331684255,1003.2312766616851
2024-09-14,32.04542058491527,44.303233372229975,8.00787139040783,1002.558659631477
2024-09-15,32.037114035378124,44.18393816223936,11.016408699461314,1002.6175162881153
2024-09-16,30.38082662506386,55.637197476853046,5.1725904570372405,1004.464310474742
2024-09-17,30.385737229452065,52.23477491982963,8.65229851216101,1006.006375716041
2024-09-18,30.296283234839358,53.20899224325652,8.736907283839056,1007.0983847779235
2024-09-19,28.451537615343078,55.71111374217032,7.93242608199689,1006.3485754619202
2024-09-20,28.677968380247304,48.10971151632448,7.843489384776626,1007.9377052445436
2024-09-21,29.598226541445012,41.53950852665395,7.685251009306819,1008.0351009961876
2024-09-22,31.000384293168135,41.95364343286228,5.770668619439078,1005.2922248165464
2024-09-23,32.77760464475747,44.23401779537157,5.982020862024545,1002.5897881661731
2024-09-24,33.23525127422305,45.123577125158384,4.667650306305876,1003.9322325891436
2024-09-25,32.832043107907,38.97829798365657,3.9685522951943284,1005.5845448402714
2024-09-26,31.955481797143968,40.16420317453674,6.7989161440017325,1003.7895463509827
2024-09-27,30.677464380947075,42.525119229108476,5.196377120683463,1005.036360448696
2024-09-28,30.95057856119833,44.29778569182893,5.432963007666351,1007.4012962180058
2024-09-29,31.67331211180579,50.13204535949863,1.2247125219280894,1006.8595652002526
2024-09-30,32.13845180972461,51.881257082608705,0.0,1007.0138612937092
2024-10-01,32.10031027759143,54.59701129484243,10.076048913911034,1007.3112704106791
2024-10-02,32.27041674344005,51.37998418221805,10.77732252676945,1005.2994279007876
2024-10-03,33.22543388636227,59.82527491478285,9.568061360957412,1004.6807648933868
2024-10-04,31.157804998973333,67.43069716204803,9.553937613328811,1008.1372129350094
2024-10-05,30.904571063954183,57.30184854583052,5.536965745302934,1009.4286025829338
2024-10-06,29.33083138528666,63.08839608629642,9.653280286172038,1011.4129918047095
2024-10-07,27.138618833797302,71.31090023045499,7.692474414193368,1011.1895982499321
2024-10-08,26.980327742141736,67.12912296063173,7.4523868146909535,1010.992129740951
2024-10-09,28.825121567905708,52.31773035032066,5.123008038947033,1011.3178408745061
2024-10-10,28.052572253259623,45.86695661569354,5.027658667586393,1012.6358058067382
2024-10-11,27.68432851171757,45.7242490164951,0.0,1013.0063679645704
2024-10-12,28.30380889942883,43.81504646858781,1.8743810389450504,1011.8931819808296
2024-10-13,29.09062611992306,37.28007566806966,8.168480228881837,1011.7045974571869
2024-10-14,28.361886737354958,42.259784945862094,5.000389001781864,1012.6205765805563
2024-10-15,28.243553275260542,58.25858716971878,0.0,1010.1764890865769
2024-10-16,28.699248964016334,60.01905766960538,0.0,1010.8968140534143
2024-10-17,27.398512469906898,51.54234805253127,3.294501960140876,1010.4010929528063
2024-10-18,29.448551832039307,42.83199927352498,7.3873919184920664,1010.0527503438808
2024-10-19,25.692339650871624,52.515193273297385,4.0104078517596635,1013.6224354278752
2024-10-20,28.119846837268504,43.04119247268206,2.3407105073267562,1012.4803883558338
2024-10-21,25.180529687042917,55.54932266990312,7.749469166764554,1012.6841217914648
2024-10-22,24.192404023831124,51.17748949025102,14.354856881289447,1012.612119303867
2024-10-23,23.03371514985723,58.884004776699044,7.923104321511154,1013.630974198886
2024-10-24,25.853111034252564,43.03429084738725,8.00179997452953,1012.3710486669319
2024-10-25,27.997905656763823,25.02336105174855,4.8768036366837455,1012.1307664157189
2024-10-26,28.203203074883007,36.37859510744792,5.245719583333521,1011.5755101599763
2024-10-27,27.18690776207755,49.661809957366586,5.684243766176708,1011.087882285425
2024-10-28,23.858434279042957,67.63315025569561,4.136633955914467,1012.9366608424938
2024-10-29,23.830235283680633,70.5155533480345,0.5087656551696558,1011.669109831709
2024-10-30,25.48493399426985,50.7414193986839,6.301046716892463,1011.4438839938996
2024-10-31,24.81917411925695,59.97102337795534,5.798814472176832,1009.7698257484424
2024-11-01,22.890892145749458,66.52608604372035,6.316583039604289,1010.2612547336049
2024-11-02,22.555017747853288,59.6881629041224,3.602493386045979,1012.8490560308304
2024-11-03,22.556628833628146,61.877699155046315,8.326767362229255,1012.8274934093522
2024-11-04,23.472051508327027,53.84675087864826,7.947632554150522,1010.7937917517681
2024-11-05,22.433234858777496,64.53337512655173,3.383914207407363,1012.4541146062454
2024-11-06,22.77973869272247,63.888668039484074,2.914405972942074,1012.9940962137531
2024-11-07,23.372622474507228,62.38380568086229,0.8439543698067427,1011.9496452046152
2024-11-08,21.301058469953006,60.91750685181732,0.30586207654775954,1013.5191937874234
2024-11-09,20.818200994105712,62.5339864152117,0.0,1012.6083790236376
2024-11-10,22.09587637668529,64.37036941917795,7.202404297947754,1013.2098192928166
2024-11-11,20.229595311426884,68.24897593187681,4.972615483596504,1014.3504069122878
2024-11-12,22.206751178220625,54.0761581535542,9.564005417954267,1015.9094051872536
2024-11-13,22.220825025700854,56.20986201567606,8.038467179452962,1015.9700570063078
2024-11-14,21.41031565929562,54.55757635416625,1.3568409310640979,1015.2019563002123
2024-11-15,22.530161891453197,57.34896745371814,6.555391965176678,1012.9867731891812
2024-11-16,23.984035110500855,61.59520745854901,12.741844835277268,1011.5210242037473
2024-11-17,23.510953331345696,68.57260393000385,5.907520023069024,1011.3265193637769
2024-11-18,22.38861650986818,62.165555065307025,2.7400258413292464,1012.5410705550366
2024-11-19,20.751037130379054,52.06095467508287,3.5672334134652406,1015.267603373571
2024-11-20,18.317698975037413,62.277542936460016,2.500715673735586,1016.3399568341741
2024-11-21,18.194574287451584,73.93508571887544,2.8492131342983615,1018.3023021785119
2024-11-22,18.931509017482355,64.52742792130398,3.911360502994655,1018.4781645839117
2024-11-23,17.333612006643445,59.49670675154626,0.7428995282394841,1018.4620870542044
2024-11-24,17.107387748844555,67.22623235101028,8.5670685659261,1017.2565007610434
2024-11-25,16.20453398034156,78.42709065608493,2.6334498979050105,1016.5321476529949
2024-11-26,19.35514269398253,55.168547516745754,11.408159011117156,1014.6353470162428
2024-11-27,17.430842914965492,58.535347257619996,7.744814262434662,1015.169248595953
2024-11-28,19.21628142016753,50.82418194711916,7.335032195826082,1014.4431126804825
2024-11-29,17.596681138382124,58.70881747782799,1.1695605996467067,1016.0884063220906
2024-11-30,18.3030079725904,65.16153236294078,0.0,1016.0427854398409
2024-12-01,17.33856968718907,64.93381857119668,0.0,1016.7025531842628
2024-12-02,16.868348434421033,64.85145327416552,0.4434633414926936,1016.5152431275882
2024-12-03,16.14667438826346,68.95293649959217,2.2405341638523604,1014.4243692367121
2024-12-04,15.972939570925547,72.71037946841899,2.7810488055715332,1013.4943018082661
2024-12-05,15.122852272392892,81.04682997324795,5.206029528142748,1016.4304244183986
2024-12-06,14.29072059264428,73.22145574377369,8.034542004843296,1019.1678296787342
2024-12-07,15.118153375070904,74.14772797848045,9.478109981258704,1019.6437659079082
2024-12-08,16.28584349772994,66.38778369074322,1.7633279098009282,1019.545110580318
2024-12-09,14.8497473376372,59.360300619062144,10.123160682108843,1019.778414203105
2024-12-10,12.64609739654545,70.05053332834716,8.566041355196031,1020.026315772752
2024-12-11,14.86314127764211,61.15690037988209,9.425944807348968,1019.1464810558342
2024-12-12,14.945266882080901,54.30011736941862,0.0,1018.9888181062046
2024-12-13,14.325853884979123,54.83203222565749,2.5010507500034267,1016.5250590506097
2024-12-14,10.084005549326372,68.24818952202111,0.0,1018.0057825599886
2024-12-15,7.556339700339672,83.77902944514936,0.0,1020.1208623352296
2024-12-16,9.920681260520482,78.86891753305221,0.9409506733867037,1018.4919707518446
2024-12-17,12.258737753764665,69.19315736790232,2.2542414792247363,1016.5214680753937
2024-12-18,11.801443275178725,73.35091357991088,6.490385933036365,1016.9778705876328
2024-12-19,16.720473297906903,48.029667179530364,6.872951984107948,1015.4002641386028
2024-12-20,16.533638877962936,52.2132779364781,3.146528309608869,1013.8566513786582
2024-12-21,15.91710535768859,64.18358405777803,0.0,1014.8852346233017
2024-12-22,15.163716826094223,64.95945052412877,0.25721584782405493,1015.7610831054474
2024-12-23,16.707309190857636,53.377394180203055,12.800023560028961,1015.131773446341
2024-12-24,14.773753101694274,65.44300902539787,2.0285446498565842,1016.7290372827085
2024-12-25,14.32270315816608,78.07932272776199,2.0185871734829,1017.2748857820636
2024-12-26,14.149035403346014,82.95236611461809,8.89347835878099,1016.207465806926
2024-12-27,12.36458381268898,87.01870402899849,6.962157513694287,1015.3344890142355
2024-12-28,12.380642840338897,91.54914329746838,3.3577679364149655,1015.4659797414978
2024-12-29,15.254745865661375,80.75709461024597,3.795654791631512,1016.9015324994846
2024-12-30,14.64737751063076,85.13308100708092,0.0,1013.2516271361563
2024-12-31,15.850356025746965,80.97063139198752,1.6880117217523214,1013.3941773186618
2025-01-01,14.711297810790477,81.10795049574736,3.8465954298342875,1014.7014719925088
2025-01-02,15.599573910111475,68.76889736170715,6.993676386996778,1015.1957310226791
2025-01-03,14.265808843973378,68.87964317783303,11.312206006189736,1016.4035955608306
2025-01-04,12.835659056685184,79.63835593855514,5.868210287242657,1017.1095595751075
2025-01-05,12.87944540876138,88.13144033587241,2.4297066919141885,1016.0751089900742
2025-01-06,13.121177170054859,79.7697502817014,6.943262639241926,1016.3545202221446
2025-01-07,16.489387428273638,57.46797571296708,9.621326078185763,1017.2496435318184
2025-01-08,17.328279816581087,58.23083894776698,6.863584836668178,1018.1162735992558
2025-01-09,15.175990137942613,67.04605046272785,11.16357882165926,1017.4049372077701
2025-01-10,15.104616542236599,78.64473805692934,10.863757435137247,1014.9808578090712
2025-01-11,15.046691366214434,75.3118524298212,10.12918366307417,1013.6586771183216
2025-01-12,13.853427537727818,90.10632463190657,5.241237871653492,1014.9220024373016
2025-01-13,12.006904626219324,100.0,0.9039709886378517,1017.3086476770868
2025-01-14,14.448409576416811,90.08245927182173,1.3843048552800994,1019.2749802128967
2025-01-15,13.927286247353429,81.14225551344322,12.857690096277148,1017.7943869560287
2025-01-16,12.100911017400351,88.49896688642974,13.971003055392005,1020.7703757184232
2025-01-17,13.632163908428165,78.17097506817832,6.998557525316867,1021.0759173380574
2025-01-18,15.157492992779074,79.24879645028022,6.2094864125516125,1022.3371868045934
2025-01-19,17.101535979047537,71.79202313611775,4.908591175303105,1021.7720540356513
2025-01-20,18.285049374821575,69.39281963630944,2.639027377878117,1020.7368930191857
2025-01-21,19.54158117273471,64.90826604343863,1.8323683200987704,1019.605977408262
2025-01-22,18.235331619543736,75.5592629597805,6.296699307699278,1019.0753562494285
2025-01-23,15.557591635392102,79.22840989837455,8.497641006500162,1017.323905981953
2025-01-24,14.205522131274734,80.95461953623298,10.09791469666427,1016.4031376275282
2025-01-25,15.115260587112159,72.74991189538935,6.6547253156841135,1015.5913661295186
2025-01-26,14.212402792378649,77.64814469761626,10.204277374347996,1018.6163730719549
2025-01-27,15.793802742419588,78.22113541175919,4.59506842738678,1013.968409164548
2025-01-28,15.704468304811343,78.52477987737741,3.3713766051358904,1014.5119907743439
2025-01-29,14.087211836155213,77.69866372318053,3.796581612783687,1015.2588233087325
2025-01-30,11.566212418088254,85.40813246567976,5.236851735524825,1018.0539006193784
2025-01-31,9.685965096644695,92.91020778821479,8.755564337397747,1017.3348980884234
2025-02-01,10.24829853881166,87.72263162540821,8.054143810282625,1018.1718468768036
2025-02-02,9.609608999609014,92.81699132570773,2.309939618933555,1019.9378647796472
2025-02-03,9.408067949472354,85.15928472549969,6.323105529266948,1019.6635974200562
2025-02-04,13.19784342572046,71.40319271808453,12.043211444979292,1020.5714880607775
2025-02-05,14.343438216940088,74.55618334708846,6.709723514459293,1022.2987817126291
2025-02-06,15.036296981513361,75.42479253636021,9.385877577447706,1020.3442337788466
2025-02-07,15.560608706176563,79.10690407331313,6.215163963134678,1021.5448843075536
2025-02-08,16.029780173934014,76.17147124385619,5.525507102069517,1018.790413867831
2025-02-09,14.64537365033553,79.44169522495318,4.301979288623468,1019.3531522882236
2025-02-10,15.679105670841704,78.81435514724285,0.0,1020.1685682632858
2025-02-11,16.652845036654575,77.09205618804806,0.044861114915910605,1019.4163742613401
2025-02-12,18.040791343632446,73.97104565071052,2.2156558160217603,1019.4744059390833
2025-02-13,15.551189313607699,76.25613803151305,7.072550034640044,1018.9328036641562
2025-02-14,17.716176493673537,71.44896393545974,13.108542408316563,1019.5316197564262
2025-02-15,17.710495563164287,75.45343120218166,9.085254815272602,1018.9757121613223
2025-02-16,17.124067695235325,73.84175200042935,5.143174123092756,1017.9468168254657
2025-02-17,17.421779807714714,73.58787694737185,8.36764342565373,1017.5573269227774
2025-02-18,17.466963141062934,63.20653689193011,7.118998147255906,1021.5081617113503
2025-02-19,17.065119222037772,62.02519207416686,9.995749972845076,1020.8923074781454
2025-02-20,19.993218736411603,46.61719244669354,10.274246427734194,1021.3045912147187
2025-02-21,19.72303355211615,51.878795313124904,13.789208529180607,1018.9684067261613
2025-02-22,19.270333281801896,56.380267231967494,6.387404146293909,1017.5882558221083
2025-02-23,19.84662567995948,49.244467618065144,10.467656916738331,1016.1998672621692
2025-02-24,19.70121238894784,59.930294852878994,1.6058724781587062,1016.732709574623
2025-02-25,23.13632249822299,48.35168886650979,3.340000264806328,1011.8971465447247
2025-02-26,20.195972080542592,69.57293741811411,7.551268044851205,1013.0988168731727
2025-02-27,20.786756251960412,73.14082441060822,7.81858979113791,1015.2018820443014
2025-02-28,17.016111984366127,95.75955224849693,2.7547613924353103,1016.7860683764158
2025-03-01,19.442259563059288,84.60645431305089,5.07075267723036,1014.5979216251267
2025-03-02,19.206824311237163,70.22734748858721,6.950405956440257,1013.7946637610157
2025-03-03,18.66741967587824,74.80991958663085,6.957371063948567,1016.3814257417364
2025-03-04,19.412785149195617,71.00888038513902,7.893889677803896,1017.0772370438816
2025-03-05,20.08045642229055,63.41512932128084,7.819966137397267,1020.0172725044292
2025-03-06,20.041223366674192,57.23269354059237,12.907388877624118,1019.7665991113649
2025-03-07,20.751816165957305,59.701650807706585,13.80686534658946,1016.0600504766843
2025-03-08,22.173184671780785,57.315803620035496,6.702396257742291,1014.6923696198993
2025-03-09,20.82846593702304,62.95082828629126,7.8127695626628615,1012.6885621668133
2025-03-10,20.53021317750696,75.7036669456531,5.542064088644499,1011.2973443130567
2025-03-11,20.321604212808058,81.73301788992914,8.080058443422166,1010.3515408643664
2025-03-12,20.440564771141116,69.65626193454754,2.291043090805946,1010.1057589071793
2025-03-13,21.8965978055478,62.4433122483511,9.567161449275902,1009.7943247648188
2025-03-14,21.53102209320647,69.01550927798307,0.0,1012.9641929396022
2025-03-15,22.859926780576224,58.4926288588915,5.710620501387413,1012.7949159428704
2025-03-16,21.454525173453206,60.423186687550455,3.395986439950345,1014.132431170072
2025-03-17,22.56505162513728,51.355227915083155,1.2779977170136299,1011.5339913892717
2025-03-18,20.5890534890645,63.041682414155716,4.775559549681557,1009.8732699141484
2025-03-19,21.421973561793347,55.55016488218056,10.79296634724189,1008.9637922167673
2025-03-20,22.993286169950274,56.52442169978818,13.298886032213044,1009.976498431313
2025-03-21,22.842617049129395,66.90615722067052,3.7306231158292116,1009.3621681721047
2025-03-22,21.93607141569765,72.84917140746349,8.124109913438772,1009.3636217756641
2025-03-23,23.989922802645722,68.58575382361286,0.0,1010.2696990304447
2025-03-24,22.28076315117304,63.9341669894825,0.25432954910292604,1011.8194996248358
2025-03-25,22.503244339494692,64.80693663741367,4.706292349589667,1011.9236212507805
2025-03-26,23.883078173453374,63.93346367142601,3.258172293738445,1010.3508031906164
2025-03-27,24.326594953411202,56.83907215826697,6.359860544742329,1010.5839426978125
2025-03-28,26.619725577956466,49.56259477472638,10.17364234227129,1008.918097501785
2025-03-29,25.773224467371552,48.88185845229201,10.615052012495006,1009.1665724781363
2025-03-30,25.687774464654296,51.91005869182974,12.487254468269489,1010.7665607432554
2025-03-31,27.976826979264935,47.43427774362055,6.121743012107327,1010.3538528811647
2025-04-01,24.357118275502845,65.77874805802911,9.440955111430972,1010.2371789452955
2025-04-02,26.145602480609337,48.04510606267398,18.811586242160406,1010.2566661691072
2025-04-03,26.967556937322744,32.29045120931414,16.073761731621207,1010.9958445143756
2025-04-04,27.062229238214673,28.984258665556638,8.264665496504076,1011.4366643885323
2025-04-05,26.882030103552328,21.578574196560766,7.32021063157599,1008.1873490623029
2025-04-06,26.962128672810373,29.044297615379843,4.838324509981872,1007.8989601425212
2025-04-07,26.993804693104426,30.588921243685753,10.750296160570397,1007.0090456575957
2025-04-08,28.229267993563163,31.834550859435026,14.550161038567005,1007.5628453730571
2025-04-09,26.70127455679178,50.43409415654528,0.9903417162654202,1009.6232122490605
2025-04-10,26.048661531713226,67.6249155900149,8.719730938182602,1008.3105347412629
2025-04-11,24.94761235365862,79.7896429151408,5.400054058568301,1006.9465619773414
2025-04-12,25.70023976657373,68.32900503668267,4.871974782649119,1006.9566837079963
2025-04-13,29.964960958956652,61.93786540296824,6.879777692180924,1006.5016441388589
2025-04-14,29.81212578196749,62.07192170359981,9.534679585220928,1005.2375321615046
2025-04-15,30.556535977511064,57.71244729673516,12.230222389501737,1003.4608407033833
2025-04-16,28.920221678606964,55.23594130681879,15.645374833137788,1007.439516109798
2025-04-17,27.909913500505652,59.75079355912582,13.628771656160533,1008.0442057002396
2025-04-18,31.158303490520836,46.34416801900016,8.456901878778417,1005.5970546224377
2025-04-19,32.122441594899605,45.146098715634224,5.923186288796991,1004.3136708620194
2025-04-20,31.468404820312706,41.256584373343195,1.9836971388052085,1006.6104533610916
2025-04-21,31.761535458142987,28.69447322021398,16.942652128377716,1009.7253841638391
2025-04-22,31.557100156619875,28.43688577131976,11.568637914767741,1010.9879680565042
2025-04-23,33.91194218781666,22.27906001225856,10.229416705563072,1006.3989219704133
2025-04-24,35.643101078472455,37.007544194088034,10.36506920124624,1004.6737952853917
2025-04-25,32.834665070344556,38.07678365947023,13.851807670657216,1004.0919837238174
2025-04-26,31.9008688194889,46.1300388807607,8.00557415747241,1005.4750564237818
2025-04-27,34.72796452864654,37.54179502583933,4.764634450949887,1005.3391072317636
2025-04-28,30.81527271907708,41.84618890523076,9.777634177658316,1006.8504874809242
2025-04-29,29.51143083889577,40.59976512173729,12.103484184852526,1007.1962200674865
2025-04-30,30.32202823618432,45.814605596394976,8.42471851356218,1003.8136552566541
2025-05-01,31.868679910252773,52.982079728477714,7.616960703482807,1003.3491072595257
2025-05-02,29.740334045346998,51.650694458257085,4.387767857457977,1003.9988499611659
2025-05-03,32.1181888204037,42.11066312426158,4.469482804694688,1005.088951383624
2025-05-04,29.971618692708947,49.942289913465764,3.658463017358814,1003.9876598496992
2025-05-05,28.402536027725333,40.358203509606525,9.401351421661236,1003.762405894125
2025-05-06,28.176021339603764,42.341418230793984,7.929703960612029,1005.0043688725311
2025-05-07,28.388302865600608,37.52066003929682,15.604795786645832,1006.5499780797966
2025-05-08,29.4414593122791,35.26407087788525,10.489725168283824,1006.1880489418074
2025-05-09,32.65652423941823,42.354037424589364,10.23695519237424,1006.2467926301883
2025-05-10,32.06058921476015,44.49377192649312,1.6942923436570068,1003.7480502243135
2025-05-11,32.301066195712565,33.94001278486523,6.625793134682715,1002.7858644116709
2025-05-12,32.03965057885224,34.25821100843115,15.49322039595521,1001.6963721497909
2025-05-13,30.853113074838596,35.09223876436614,14.060945693102646,1003.9907851496126
2025-05-14,32.219700598866986,33.71566944058404,13.496761241956216,1004.7645591634451
2025-05-15,30.924258077468416,33.89649349237263,6.127027299782416,1006.5886132163886
2025-05-16,32.61996828103142,37.29510578758735,9.413773556497283,1004.2136315154635
2025-05-17,35.18321896339728,27.972020613771484,9.991314261404657,1003.2798770366206
2025-05-18,34.3680260085069,29.937705066432247,7.778659952660708,1005.217785899374
2025-05-19,34.03851541645841,22.115203123437965,11.428647175100934,1004.4987803760173
2025-05-20,29.859428787047566,36.82684278819765,11.380365972782695,1005.166981589542
2025-05-21,30.98453376669165,47.13203986595841,7.605526845596273,1002.8014678269799
2025-05-22,36.643031431851085,32.73472197621044,6.5946972008980405,999.450764216504
2025-05-23,36.00794159496262,37.275301359858304,8.712448812919105,1000.0088647358147
2025-05-24,34.56372467066273,37.659175960607506,7.341745756097353,1002.0735983618059
2025-05-25,33.89623112535238,45.01796341668375,11.30558974687462,1003.999989049446
2025-05-26,33.55837101882616,42.30440427195092,15.709372786982346,1002.0452682446207
2025-05-27,32.04964115809228,48.47564978281075,11.702629802317315,1000.8290275472567
2025-05-28,32.855265477348816,41.24837923087989,4.724840701207894,998.6747419538143
2025-05-29,35.18026099460137,33.293421374842254,12.248713752568474,996.0031406182609
2025-05-30,35.682745451629174,30.980674168633513,11.960985027980193,997.3273652719389
2025-05-31,34.13399215379658,36.419808633196915,4.2301995193803315,1000.4902701748529
2025-06-01,35.23505699216933,37.16510386441289,9.33314045359465,998.2555800694946
2025-06-02,35.58533856242222,44.38156211804106,4.994675338112693,997.2747573496199
2025-06-03,37.22295279268563,46.42273887437517,7.185099190960442,996.7528949811257
2025-06-04,38.845222978985056,30.599589910518326,10.578961523377298,995.9381418020289
2025-06-05,37.84935941593835,44.18838406461196,11.617129788377644,998.7239725826082
2025-06-06,36.54175279746164,44.41478587879134,14.077497573552096,999.835304435798
2025-06-07,34.37951718423227,46.885032175087424,7.072870159370545,998.2399043293125
2025-06-08,37.046490180921644,44.34305134339937,4.82646149470111,999.0085609426036
2025-06-09,36.95407233413776,50.07048915491859,9.248071292928167,996.9394047796765
2025-06-10,37.28781342081243,53.76804574350577,5.5757950920340775,998.0689359495482
2025-06-11,37.4846577067174,51.8510855342799,7.295657529043791,998.244948492604
2025-06-12,36.193223649302865,51.93300612034568,7.812596894088256,998.712719126109
2025-06-13,35.56196931772868,51.53490095083825,12.039714486195756,998.9986143583951
2025-06-14,33.1009079408664,49.29815002919897,7.781246554143424,998.4045816021302
2025-06-15,34.25431274399292,41.03156154751791,9.109272391969558,998.6645642755511
2025-06-16,32.064493443038174,41.4977690894818,10.774861280966043,1000.5743851098324
2025-06-17,31.57603468746423,46.7280496872426,4.504251706955458,1004.1375586905474
2025-06-18,33.824041553999855,47.99780651387852,16.885567926462876,1003.3370521099753
2025-06-19,35.66330462551737,47.31856475877748,11.306085957551046,1001.5995683047789
2025-06-20,34.55260726678785,50.06990720489026,6.62669951852873,1001.5818770421034
2025-06-21,34.24707892770001,57.752468513132264,10.416826023837437,1000.0783575935585
2025-06-22,33.93050084936035,64.43081091445072,8.997641130906178,999.3053158474866
2025-06-23,35.457920789008284,60.23130643340881,9.04724362383123,995.0166310383306
2025-06-24,33.186010569021946,56.193058603360136,6.182385992695436,994.4560976215732
2025-06-25,32.681204779702334,52.37866561630966,12.400988460367701,995.6954520618298
2025-06-26,29.65824040217749,59.00465933677058,7.067664367484991,997.1122241998771
2025-06-27,29.2605635612488,65.44416567191784,9.441185799837584,996.812102065906
2025-06-28,29.69501364005881,80.20534362311415,5.482468789179746,997.6497013053621
2025-06-29,34.849060247383775,70.78433224772746,2.2067865023835713,997.2585464174321
2025-06-30,35.22379462137374,66.70080892034369,0.0,998.776224872342
2025-07-01,31.62089750085007,75.21029771851974,4.770124152799179,999.9091479150521
2025-07-02,32.07177928963793,70.02073216442913,7.458445024855132,1001.5237723206278
2025-07-03,31.322257622937908,61.51148060708448,9.129862083674265,999.8877355546077
2025-07-04,33.37573397573471,62.679536012879844,0.0,999.1992712539188
2025-07-05,35.44475416145568,57.352725823136495,2.8753404564704974,999.9449924096674
2025-07-06,32.770955425787406,60.945186858055806,1.6561789102524358,997.8759313420037
2025-07-07,33.042944421892315,50.490808897378656,7.069626830721326,1000.490284474663
2025-07-08,30.856327592229476,58.495569848346605,10.848316098887853,999.9348074561532
2025-07-09,29.255842998481935,80.54644738438746,12.003502968367979,1001.2096998551782
2025-07-10,32.07977024244479,75.22371465862271,4.377167670623117,1000.3819281717335
2025-07-11,32.6997592988161,74.99188605303226,9.370993333983586,1000.2270276231363
2025-07-12,31.4819908002573,81.71765746831383,0.0,1000.2615686972562
2025-07-13,32.16830701830314,78.22727167521599,5.537162410185145,998.7837588356899
2025-07-14,31.27834420111448,73.00590199409844,6.021092378340443,998.5888390777103
2025-07-15,32.18228180362386,66.5113937070109,11.605949390828073,998.4285293373013
2025-07-16,31.45196716148852,72.06541628356383,5.929340510420914,997.4560773682732
2025-07-17,31.209824101311302,67.80629944602575,9.414547712386733,996.027788750678
2025-07-18,26.862657046714126,75.41504733443145,9.073017159502426,997.1681986286761
2025-07-19,30.463581792220545,61.77135490360625,13.102261135004708,997.3911392444267
2025-07-20,31.74839342351251,65.04939385594149,9.34245707590215,996.3719410462369
2025-07-21,34.51951147981851,65.88749678930836,0.0,994.6576751671729
2025-07-22,32.6499151439034,72.38030589639217,4.225541820499,995.2297330693833
2025-07-23,30.552590636697243,84.3413156505368,6.080872013444265,995.5174811107918
2025-07-24,29.339435652646046,88.36270780291481,3.771095750151901,994.7179229240484
2025-07-25,28.450432203039906,91.34977816154543,2.216910155758101,996.2345472555008
2025-07-26,29.61397115733668,75.95935207448301,12.9092720673138,997.0699982985789
2025-07-27,29.653663384338202,68.98063296114411,5.6672993406544645,998.4941793571533
2025-07-28,29.632623640899773,74.10492489438941,7.1111280264347885,998.9420889505811
2025-07-29,28.650729751487074,78.79647344290359,11.764005597414535,997.8992325197792
2025-07-30,28.08607978721897,78.54731630542115,2.3240439328121294,999.3799486668287
2025-07-31,29.013637597543582,76.27838646466748,7.195655948877907,997.1625768354321
2025-08-01,27.59772854757071,85.46566224437113,5.846565259636471,998.8301620129911
2025-08-02,28.736391063165314,76.51279249773309,12.802168296411232,997.9720520923923
2025-08-03,29.75485308403335,84.03953412594855,0.2764492137983483,998.3629667683044
2025-08-04,30.453414306788563,82.27177761654505,3.0107100463740606,997.932179779726
2025-08-05,29.527181950119623,89.7246766466733,2.2618776551641933,997.5966096105323
2025-08-06,30.62469756053826,72.22824907188077,3.775785783935956,997.410262419252
2025-08-07,28.14491794331692,73.43113020227317,2.5029701714033816,997.5378752938263
2025-08-08,28.36714611010446,71.63534282391822,4.859208638674486,997.2345603602544
2025-08-09,28.24422875718631,68.2877072456611,8.899744503610034,998.0922376275912
2025-08-10,28.617266153500708,70.15665796194375,9.61041774560384,1000.4707324202365
2025-08-11,28.470155731848124,77.92424414236271,6.369663758830641,1001.0738910454372
2025-08-12,27.513240399105808,83.1772600524356,2.8407375665825825,1001.1894658278736
2025-08-13,28.31275210394746,88.26359195219814,1.983073690222815,998.4851687982392
2025-08-14,29.34321854983586,77.30484479212816,7.125681306027485,998.6479793213801
2025-08-15,27.840686591871513,74.43306521446397,7.9779990918498305,1000.2537670824998
2025-08-16,28.502919316896154,62.15305421354407,5.040587257574656,999.3277763466428
2025-08-17,28.967338242241826,61.134865055790456,10.166250624644535,997.7288987659184
2025-08-18,28.7428084775662,61.007629808162775,4.48131404964703,1001.4905126606288
2025-08-19,29.622916230743066,70.85060927059772,1.2118643594712974,1002.1085376713592
2025-08-20,29.271682449990465,73.06054639056656,7.041410741199579,1002.932046135402
2025-08-21,29.927562248654286,69.09393963512619,10.23989767629834,1002.1758911258178
2025-08-22,27.927924007093573,81.3286785350729,8.817012160753666,1003.3060738732097
2025-08-23,29.98688023186541,77.50013714265013,7.291615034394536,999.3981665275646
2025-08-24,31.49484609610315,61.135182983133774,7.03444695265402,1001.6406942344203
2025-08-25,31.890741103456637,46.24809212265123,7.578354008699633,1003.7513561316722
2025-08-26,32.629986427767804,50.57070745355585,10.273140049936751,1004.4010604300697
2025-08-27,31.86423172172988,61.449113450261706,14.938613129020254,1003.5061839222476
2025-08-28,32.581883550184,53.198903949337634,7.645461031472862,1001.2554163378012
2025-08-29,31.660879140796773,59.51741309826909,10.759027224129035,999.9093326882427
2025-08-30,31.53204070761973,57.12599594100146,9.861826204271527,1001.2858795180005
2025-08-31,29.12352914685752,62.42173132414854,14.383449981998305,1003.8479460944114
2025-09-01,27.610127215761768,73.6034874125319,10.644511431177845,1003.176029167549
2025-09-02,26.659381873938397,80.80700703711764,1.504612182667124,1005.4702291555132
2025-09-03,30.89044499705598,60.550694443684804,11.501158137710151,1003.5042708180632
2025-09-04,30.73093791995351,60.12963834872027,9.180849517560661,1002.8818258643026
2025-09-05,30.3666513101105,65.62550790341281,6.588838972674427,1001.5709117351785
2025-09-06,30.076344822822232,61.94063164233997,12.175398558173404,1003.7590544429602
2025-09-07,28.805255425862008,68.50102761555362,5.313532823624058,1003.9429747441004
2025-09-08,30.77891609440839,60.41582649319356,6.750348377689621,1004.347843810482
2025-09-09,29.476504358702776,78.65364332224995,1.7349300584876604,1003.842264150563
2025-09-10,30.73112953485712,67.3980426738835,5.705919557916036,1002.2821104532402
2025-09-11,28.9561975392528,79.33391928625396,16.104627048613057,1003.0706894832358
2025-09-12,30.557928975928288,78.72857945709455,7.547075853423015,1003.1746152816626
2025-09-13,27.490605791167766,93.6954124294491,6.664074449417456,1007.3929191733597
2025-09-14,25.662004428931912,90.19741579352743,9.001700176805251,1009.6498965956736
2025-09-15,29.9094615912785,65.50182030331807,8.999970948995548,1007.2750048314002
2025-09-16,30.238125453980043,53.59654300590255,10.000787215689376,1006.5996646167009
2025-09-17,29.83411232648094,47.234312699499654,6.628956860012557,1008.6960817071397
2025-09-18,29.566410771450162,47.36639659556528,3.1828991376329347,1007.5233205261375
2025-09-19,31.513730898361885,49.32441649287372,6.994781196891892,1006.763693478721
2025-09-20,28.963435520726286,69.35674476262382,2.3852106331677225,1005.5791346475346
2025-09-21,31.23866302699388,66.8189602935114,6.611673985414171,1005.6701446573627
2025-09-22,32.27064194897307,63.70901569038129,4.556941863041267,1007.0834026577888
2025-09-23,29.46655350284729,72.16191716028402,10.75505531805198,1005.6817940144244
2025-09-24,29.038337614846817,64.94757146953613,5.534519022486125,1006.3006144490267
2025-09-25,29.340505111228328,63.83178296448598,5.886969751560662,1004.8366796468162
2025-09-26,29.85220983964446,56.19122880420631,4.45512763578182,1003.5615946714149
2025-09-27,29.21384912691013,61.91731092121901,12.512740448434561,1002.1062225263527
2025-09-28,29.296483973682708,54.80232643250423,3.957312548583861,1003.3317490105019
2025-09-29,28.16604364811621,68.97091691065046,5.39983160424997,1004.0497111312633
2025-09-30,26.811980276037144,71.80004564902137,7.1931321907347385,1008.6020708493057
2025-10-01,27.76365828576469,74.0256082669685,6.094810596331588,1012.7255935432049
2025-10-02,27.70430732650881,67.03608064721227,5.346954649682018,1013.6700450869139
2025-10-03,27.204913910984445,67.31316930193364,7.572879314855324,1016.4821419095673
2025-10-04,27.674275248384298,61.83191541493592,8.442882678615812,1013.868830038357
2025-10-05,27.381721316538094,57.60719687087011,5.390914134638009,1012.3262307136333
2025-10-06,28.74729222382952,50.63451289006817,9.68428445939104,1010.4477619088716
2025-10-07,29.55665690745505,47.5591112899735,2.7670852487849507,1010.4113694896228
2025-10-08,31.8619847066312,32.75294932045408,7.022393943905189,1007.7916098297379
2025-10-09,30.83179469465209,36.42460535647652,8.060299173365197,1008.0127539869986
2025-10-10,29.16591771763787,54.44381526035986,8.807078258132309,1008.1881571073767
2025-10-11,27.977359472806555,61.294983757679724,0.0,1008.8074173312497
2025-10-12,27.630372241630244,65.99514885372758,4.596280243259885,1009.1697483908499
2025-10-13,26.70421512217974,67.44323602914973,0.6103103812674266,1010.7690652052928
2025-10-14,26.787682830947293,64.11768443639613,0.0,1010.061300636823
2025-10-15,26.439704165334582,62.44334008016842,11.33626566654055,1011.1646130763711
2025-10-16,27.832454939740064,57.9480251866651,7.378124724123989,1012.1528871469542
2025-10-17,26.66181668583454,54.3981524724169,5.859583954052102,1009.2052156363306
2025-10-18,25.329370835091275,64.23702511576325,1.0219052403126492,1010.3495959433099
2025-10-19,23.694615511656803,75.65228046996884,0.25547072761766465,1013.467040278884
2025-10-20,22.72627839690408,76.18525440894979,4.008655219701843,1013.840295818128
2025-10-21,27.14345147793945,53.61426133901054,6.926991057184817,1011.8169382181643
2025-10-22,29.488805700792636,49.16662022545556,0.0842021848521961,1009.1292291715641
2025-10-23,29.35532186853018,56.050852580767845,5.461189085620123,1007.1246460502375
2025-10-24,29.83930274175102,54.68165228370022,6.37256608002843,1005.8634802678847
2025-10-25,28.29536417528966,48.71693603163476,1.1825495594185709,1008.270332771353
2025-10-26,27.311944545001964,46.66939147199606,3.144928106929305,1010.7038767244055
2025-10-27,26.217533437241052,46.97278999886482,4.407024670880573,1008.872893759837
2025-10-28,27.14734623079109,38.19394510342614,8.03817029365749,1010.0538633187645
2025-10-29,25.364672740638717,46.14500854689829,5.455945496023142,1010.4015617128093
2025-10-30,26.033710196838015,51.74910079997822,2.116608834737523,1012.5853770243731
2025-10-31,26.548408244506934,49.7958235897313,11.74080533545985,1014.5454811441502
2025-11-01,23.76392197953935,55.29136209865281,6.2541966865721434,1014.1066167515365
2025-11-02,23.707721089480835,59.493472588619994,2.229525525107355,1014.5437153090795
2025-11-03,21.87887113668776,66.49434476830329,0.8828735938382648,1017.0351185343003
2025-11-04,22.857937980987195,53.444003926556555,12.519044355717053,1017.556759963274
2025-11-05,21.703576450396532,56.71553127255547,5.818755083552218,1016.7127487464178
2025-11-06,22.316381581036513,70.07220804627818,5.131939429802106,1014.3807357050327
2025-11-07,21.06305345294521,72.97350980377779,2.829495633546492,1012.6309324416954
2025-11-08,23.79051203970631,68.22496901054257,1.8759903112189806,1012.5507101883138
2025-11-09,21.830746470425552,66.30648189964614,2.6935983565905692,1013.8127517660987
2025-11-10,21.680790155879013,55.29887858955577,4.70203982621473,1012.8202014595455
2025-11-11,21.502130383085063,56.75677560055144,8.303341365409489,1011.9240683636655
2025-11-12,23.336248953677966,50.29282261613734,1.1146945791174359,1012.1271222428769
2025-11-13,22.54441535535656,62.134536307322776,5.051236905476447,1013.9054334464607
2025-11-14,22.313814712779266,66.8102606618505,0.0,1015.9742240792714
2025-11-15,22.224725575030295,65.87495862392325,6.8170265891880515,1016.2000158584779
2025-11-16,22.407549242815225,54.3678263760608,8.734764679323577,1016.3160148230209
2025-11-17,21.687673894219976,54.17583619567449,9.758238577423645,1015.9763544056783
2025-11-18,20.736561976773487,62.10632521941677,13.083831640751807,1014.4196491184025
2025-11-19,20.469933715527503,63.949270027655515,4.1459779984286325,1015.7366867233713
2025-11-20,18.862268846746883,58.80238654433503,6.864862559114916,1016.6896623404756
2025-11-21,18.570948048230264,64.61475961545773,4.499665085073104,1016.8735481205839
2025-11-22,19.240036870755784,68.36983840065531,7.016185767401387,1018.2435891025063
2025-11-23,18.254796559140917,74.30058884433132,4.508770888775496,1019.8638535529956
2025-11-24,19.538316741365943,65.24530871815955,1.7044203686696704,1019.2937394757737
2025-11-25,19.834598913932705,60.37343755980035,1.264426888145088,1018.0989424029276
2025-11-26,21.398036655119895,60.63656786027578,8.077956823816677,1016.850512228418
2025-11-27,20.944712008946283,68.91253414915973,6.7849869180702775,1017.4690290520076
2025-11-28,20.91844702133386,69.87477878176739,4.463573835738957,1019.2227551476158
2025-11-29,20.064276682278603,68.80462511106748,3.4808979181016517,1019.1436982371933
2025-11-30,21.39284839642956,59.81247765005894,3.8882103173075415,1017.0846838793473
2025-12-01,21.237568397502702,49.90456353715725,4.845385654310826,1017.0284296717526
2025-12-02,21.77312890818738,55.896356539068634,0.0,1015.9272878031225
2025-12-03,19.618127819587908,72.78025221289995,0.7178907773088392,1018.1740503393304
2025-12-04,17.25233083730892,74.31907884131556,0.8418663417654706,1017.3896533346573
2025-12-05,18.519862156372817,66.54727341156718,4.397831216483151,1014.4032103561015
2025-12-06,17.259152603030675,56.230404262388106,8.130919180715034,1014.8289365757071
2025-12-07,18.38082193176438,53.908100391115816,18.54716785437669,1013.436532424097
2025-12-08,17.12214463734515,61.00031607532789,11.506918571469159,1012.6976013231376
2025-12-09,15.583019478153453,73.88862553120084,4.168088442433545,1014.7639397356318
2025-12-10,14.071362016345365,80.09732775401746,3.697957340343486,1015.4190299747381
2025-12-11,14.887314879219542,61.917370566301,6.953485851943804,1014.4709791361844
2025-12-12,15.299536744496173,52.627714275672275,13.486840455427036,1014.3441799377413
2025-12-13,12.993524394075258,70.53862779068946,7.821211792459619,1014.913657000371
2025-12-14,13.714929030682473,67.90076085538024,4.540269625231943,1016.676412507186
2025-12-15,16.339317296868128,51.847158481192935,8.497651486057407,1017.0591419841026
2025-12-16,17.03111143850383,58.92176110041238,1.0870969525667102,1014.4911554112022
2025-12-17,15.817425851939127,62.92004928738325,0.0,1013.8541840376557
2025-12-18,15.066512089562783,73.62720141140424,5.258921205879186,1014.2141109156971
2025-12-19,15.225628080643775,63.27952744549334,5.247538396823175,1014.5819269051199
2025-12-20,15.200726489967764,68.43698751951084,11.270875642843436,1014.102202813011
2025-12-21,18.35868164196799,58.77269171959877,13.748933807813065,1013.0983502609162
2025-12-22,13.769495406614496,76.58859697741833,7.548467774182351,1013.6511834538654
2025-12-23,12.173027459103213,85.32149301928455,5.9311429259244015,1014.3067491603277
2025-12-24,12.75484060393658,79.07447235190982,4.56265708103875,1016.8658935436193
2025-12-25,13.718127309379103,73.99992933179406,2.859436225553094,1017.6955057053354
2025-12-26,13.41753772651255,76.88454438494077,0.0,1018.1316351529009
2025-12-27,12.798864569941482,73.26905064598766,2.0567403231454797,1020.0775318238999
2025-12-28,12.684163329655444,77.34641293212647,5.496398761023832,1018.3734156937932
2025-12-29,14.496435841691653,81.30025126017729,4.602665991864667,1017.5586865263152
2025-12-30,13.452991471184193,75.59297711473539,10.869281540453535,1020.8054694299187
2025-12-31,11.691297439710468,82.3264308182843,5.750091983337524,1021.4841402308638
